Date,R,D,Vote Difference,Margin,Total Votes Cast,Total Unprocessed Ballots*,Jurisdiction,Unprocessed Ballots,Race,Estimated Votes Remaining,Estimated Final Vote Count
2022-11-14,89150,79188,9962,0.0591785574261307,168338,346428,Alpine,18,CD-3,153578,321916
2022-11-15,89725,79595,10130,0.0598275454760217,169320,344949,Alpine,18,CD-3,152099,321419
2022-11-16,96334,85690,10644,0.0584758053883004,182024,297717,Alpine,18,CD-3,147300,329324
2022-11-17,99970,91154,8816,0.0461271216592369,191124,277382,Alpine,18,CD-3,135548,326672
2022-11-18,102427,92948,9479,0.0485169545745361,195375,268005,Alpine,18,CD-3,133315,328690
2022-11-21,123544,113469,10075,0.0425082168488648,237013,242993,Alpine,18,CD-3,109522,346535
2022-11-22,124396,114118,10278,0.0430918101243532,238514,237469,Alpine,18,CD-3,104072,342586
2022-11-23,148103,132576,15527,0.0553194218306321,280679,143446,Alpine,18,CD-3,61013,341692
2022-11-24,156469,137009,19460,0.0663082070887766,293478,129640,Alpine,18,CD-3,48137,341615
2022-11-28,156469,137009,19460,0.0663082070887766,293478,129640,Alpine,18,CD-3,48137,341615
2022-11-29,156469,137009,19460,0.0663082070887766,293478,129640,Alpine,18,CD-3,48137,341615
2022-11-30,178022,153941,24081,0.072541216942852,331963,27035,Alpine,18,CD-3,15607,347570
2022-12-01,178058,153954,24104,0.0725997855499198,332012,16787,Alpine,18,CD-3,5702,337714
2022-12-02,178065,153968,24097,0.0725741116093882,332033,16512,Alpine,18,CD-3,5591,337624
2022-12-05,180291,155767,24524,0.0729754982770831,336058,4063,Alpine,18,CD-3,2152,338210
2022-12-06,180291,155767,24524,0.0729754982770831,336058,4063,Alpine,18,CD-3,2152,338210
2022-12-07,181256,156633,24623,0.0728730441062005,337889,257,Alpine,18,CD-3,257,338146
2022-12-08,181438,156761,24677,0.072965916516607,338199,0,Alpine,0,CD-3,0,338199
2022-11-14,89150,79188,9962,0.0591785574261307,168338,346428,El Dorado,16086,CD-3,153578,321916
2022-11-15,89725,79595,10130,0.0598275454760217,169320,344949,El Dorado,16086,CD-3,152099,321419
2022-11-16,96334,85690,10644,0.0584758053883004,182024,297717,El Dorado,16086,CD-3,147300,329324
2022-11-17,99970,91154,8816,0.0461271216592369,191124,277382,El Dorado,1748,CD-3,135548,326672
2022-11-18,102427,92948,9479,0.0485169545745361,195375,268005,El Dorado,1748,CD-3,133315,328690
2022-11-21,123544,113469,10075,0.0425082168488648,237013,242993,El Dorado,399,CD-3,109522,346535
2022-11-22,124396,114118,10278,0.0430918101243532,238514,237469,El Dorado,275,CD-3,104072,342586
2022-11-23,148103,132576,15527,0.0553194218306321,280679,143446,El Dorado,275,CD-3,61013,341692
2022-11-24,156469,137009,19460,0.0663082070887766,293478,129640,El Dorado,275,CD-3,48137,341615
2022-11-28,156469,137009,19460,0.0663082070887766,293478,129640,El Dorado,275,CD-3,48137,341615
2022-11-29,156469,137009,19460,0.0663082070887766,293478,129640,El Dorado,275,CD-3,48137,341615
2022-11-30,178022,153941,24081,0.072541216942852,331963,27035,El Dorado,275,CD-3,15607,347570
2022-12-01,178058,153954,24104,0.0725997855499198,332012,16787,El Dorado,275,CD-3,5702,337714
2022-12-02,178065,153968,24097,0.0725741116093882,332033,16512,El Dorado,0,CD-3,5591,337624
2022-12-05,180291,155767,24524,0.0729754982770831,336058,4063,El Dorado,0,CD-3,2152,338210
2022-12-06,180291,155767,24524,0.0729754982770831,336058,4063,El Dorado,0,CD-3,2152,338210
2022-12-07,181256,156633,24623,0.0728730441062005,337889,257,El Dorado,0,CD-3,257,338146
2022-12-08,181438,156761,24677,0.072965916516607,338199,0,El Dorado,0,CD-3,0,338199
2022-11-14,89150,79188,9962,0.0591785574261307,168338,346428,Inyo,1172,CD-3,153578,321916
2022-11-15,89725,79595,10130,0.0598275454760217,169320,344949,Inyo,136,CD-3,152099,321419
2022-11-16,96334,85690,10644,0.0584758053883004,182024,297717,Inyo,98,CD-3,147300,329324
2022-11-17,99970,91154,8816,0.0461271216592369,191124,277382,Inyo,98,CD-3,135548,326672
2022-11-18,102427,92948,9479,0.0485169545745361,195375,268005,Inyo,98,CD-3,133315,328690
2022-11-21,123544,113469,10075,0.0425082168488648,237013,242993,Inyo,98,CD-3,109522,346535
2022-11-22,124396,114118,10278,0.0430918101243532,238514,237469,Inyo,98,CD-3,104072,342586
2022-11-23,148103,132576,15527,0.0553194218306321,280679,143446,Inyo,98,CD-3,61013,341692
2022-11-24,156469,137009,19460,0.0663082070887766,293478,129640,Inyo,0,CD-3,48137,341615
2022-11-28,156469,137009,19460,0.0663082070887766,293478,129640,Inyo,0,CD-3,48137,341615
2022-11-29,156469,137009,19460,0.0663082070887766,293478,129640,Inyo,0,CD-3,48137,341615
2022-11-30,178022,153941,24081,0.072541216942852,331963,27035,Inyo,0,CD-3,15607,347570
2022-12-01,178058,153954,24104,0.0725997855499198,332012,16787,Inyo,0,CD-3,5702,337714
2022-12-02,178065,153968,24097,0.0725741116093882,332033,16512,Inyo,0,CD-3,5591,337624
2022-12-05,180291,155767,24524,0.0729754982770831,336058,4063,Inyo,0,CD-3,2152,338210
2022-12-06,180291,155767,24524,0.0729754982770831,336058,4063,Inyo,0,CD-3,2152,338210
2022-12-07,181256,156633,24623,0.0728730441062005,337889,257,Inyo,0,CD-3,257,338146
2022-12-08,181438,156761,24677,0.072965916516607,338199,0,Inyo,0,CD-3,0,338199
2022-11-14,89150,79188,9962,0.0591785574261307,168338,346428,Mono,703,CD-3,153578,321916
2022-11-15,89725,79595,10130,0.0598275454760217,169320,344949,Mono,260,CD-3,152099,321419
2022-11-16,96334,85690,10644,0.0584758053883004,182024,297717,Mono,193,CD-3,147300,329324
2022-11-17,99970,91154,8816,0.0461271216592369,191124,277382,Mono,185,CD-3,135548,326672
2022-11-18,102427,92948,9479,0.0485169545745361,195375,268005,Mono,161,CD-3,133315,328690
2022-11-21,123544,113469,10075,0.0425082168488648,237013,242993,Mono,150,CD-3,109522,346535
2022-11-22,124396,114118,10278,0.0430918101243532,238514,237469,Mono,0,CD-3,104072,342586
2022-11-23,148103,132576,15527,0.0553194218306321,280679,143446,Mono,0,CD-3,61013,341692
2022-11-24,156469,137009,19460,0.0663082070887766,293478,129640,Mono,0,CD-3,48137,341615
2022-11-28,156469,137009,19460,0.0663082070887766,293478,129640,Mono,0,CD-3,48137,341615
2022-11-29,156469,137009,19460,0.0663082070887766,293478,129640,Mono,0,CD-3,48137,341615
2022-11-30,178022,153941,24081,0.072541216942852,331963,27035,Mono,0,CD-3,15607,347570
2022-12-01,178058,153954,24104,0.0725997855499198,332012,16787,Mono,0,CD-3,5702,337714
2022-12-02,178065,153968,24097,0.0725741116093882,332033,16512,Mono,0,CD-3,5591,337624
2022-12-05,180291,155767,24524,0.0729754982770831,336058,4063,Mono,0,CD-3,2152,338210
2022-12-06,180291,155767,24524,0.0729754982770831,336058,4063,Mono,0,CD-3,2152,338210
2022-12-07,181256,156633,24623,0.0728730441062005,337889,257,Mono,0,CD-3,257,338146
2022-12-08,181438,156761,24677,0.072965916516607,338199,0,Mono,0,CD-3,0,338199
2022-11-14,89150,79188,9962,0.0591785574261307,168338,346428,Nevada,18478,CD-3,153578,321916
2022-11-15,89725,79595,10130,0.0598275454760217,169320,344949,Nevada,18478,CD-3,152099,321419
2022-11-16,96334,85690,10644,0.0584758053883004,182024,297717,Nevada,18478,CD-3,147300,329324
2022-11-17,99970,91154,8816,0.0461271216592369,191124,277382,Nevada,12489,CD-3,135548,326672
2022-11-18,102427,92948,9479,0.0485169545745361,195375,268005,Nevada,12489,CD-3,133315,328690
2022-11-21,123544,113469,10075,0.0425082168488648,237013,242993,Nevada,12489,CD-3,109522,346535
2022-11-22,124396,114118,10278,0.0430918101243532,238514,237469,Nevada,7239,CD-3,104072,342586
2022-11-23,148103,132576,15527,0.0553194218306321,280679,143446,Nevada,989,CD-3,61013,341692
2022-11-24,156469,137009,19460,0.0663082070887766,293478,129640,Nevada,989,CD-3,48137,341615
2022-11-28,156469,137009,19460,0.0663082070887766,293478,129640,Nevada,989,CD-3,48137,341615
2022-11-29,156469,137009,19460,0.0663082070887766,293478,129640,Nevada,989,CD-3,48137,341615
2022-11-30,178022,153941,24081,0.072541216942852,331963,27035,Nevada,394,CD-3,15607,347570
2022-12-01,178058,153954,24104,0.0725997855499198,332012,16787,Nevada,394,CD-3,5702,337714
2022-12-02,178065,153968,24097,0.0725741116093882,332033,16512,Nevada,394,CD-3,5591,337624
2022-12-05,180291,155767,24524,0.0729754982770831,336058,4063,Nevada,0,CD-3,2152,338210
2022-12-06,180291,155767,24524,0.0729754982770831,336058,4063,Nevada,0,CD-3,2152,338210
2022-12-07,181256,156633,24623,0.0728730441062005,337889,257,Nevada,0,CD-3,257,338146
2022-12-08,181438,156761,24677,0.072965916516607,338199,0,Nevada,0,CD-3,0,338199
2022-11-14,89150,79188,9962,0.0591785574261307,168338,346428,Placer,105900,CD-3,153578,321916
2022-11-15,89725,79595,10130,0.0598275454760217,169320,344949,Placer,105900,CD-3,152099,321419
2022-11-16,96334,85690,10644,0.0584758053883004,182024,297717,Placer,105400,CD-3,147300,329324
2022-11-17,99970,91154,8816,0.0461271216592369,191124,277382,Placer,105400,CD-3,135548,326672
2022-11-18,102427,92948,9479,0.0485169545745361,195375,268005,Placer,105400,CD-3,133315,328690
2022-11-21,123544,113469,10075,0.0425082168488648,237013,242993,Placer,82200,CD-3,109522,346535
2022-11-22,124396,114118,10278,0.0430918101243532,238514,237469,Placer,82200,CD-3,104072,342586
2022-11-23,148103,132576,15527,0.0553194218306321,280679,143446,Placer,51400,CD-3,61013,341692
2022-11-24,156469,137009,19460,0.0663082070887766,293478,129640,Placer,38910,CD-3,48137,341615
2022-11-28,156469,137009,19460,0.0663082070887766,293478,129640,Placer,38910,CD-3,48137,341615
2022-11-29,156469,137009,19460,0.0663082070887766,293478,129640,Placer,38910,CD-3,48137,341615
2022-11-30,178022,153941,24081,0.072541216942852,331963,27035,Placer,13900,CD-3,15607,347570
2022-12-01,178058,153954,24104,0.0725997855499198,332012,16787,Placer,4100,CD-3,5702,337714
2022-12-02,178065,153968,24097,0.0725741116093882,332033,16512,Placer,4100,CD-3,5591,337624
2022-12-05,180291,155767,24524,0.0729754982770831,336058,4063,Placer,1945,CD-3,2152,338210
2022-12-06,180291,155767,24524,0.0729754982770831,336058,4063,Placer,1945,CD-3,2152,338210
2022-12-07,181256,156633,24623,0.0728730441062005,337889,257,Placer,239,CD-3,257,338146
2022-12-08,181438,156761,24677,0.072965916516607,338199,0,Placer,0,CD-3,0,338199
2022-11-14,89150,79188,9962,0.0591785574261307,168338,346428,Plumas,973,CD-3,153578,321916
2022-11-15,89725,79595,10130,0.0598275454760217,169320,344949,Plumas,973,CD-3,152099,321419
2022-11-16,96334,85690,10644,0.0584758053883004,182024,297717,Plumas,973,CD-3,147300,329324
2022-11-17,99970,91154,8816,0.0461271216592369,191124,277382,Plumas,973,CD-3,135548,326672
2022-11-18,102427,92948,9479,0.0485169545745361,195375,268005,Plumas,973,CD-3,133315,328690
2022-11-21,123544,113469,10075,0.0425082168488648,237013,242993,Plumas,973,CD-3,109522,346535
2022-11-22,124396,114118,10278,0.0430918101243532,238514,237469,Plumas,973,CD-3,104072,342586
2022-11-23,148103,132576,15527,0.0553194218306321,280679,143446,Plumas,0,CD-3,61013,341692
2022-11-24,156469,137009,19460,0.0663082070887766,293478,129640,Plumas,0,CD-3,48137,341615
2022-11-28,156469,137009,19460,0.0663082070887766,293478,129640,Plumas,0,CD-3,48137,341615
2022-11-29,156469,137009,19460,0.0663082070887766,293478,129640,Plumas,0,CD-3,48137,341615
2022-11-30,178022,153941,24081,0.072541216942852,331963,27035,Plumas,0,CD-3,15607,347570
2022-12-01,178058,153954,24104,0.0725997855499198,332012,16787,Plumas,0,CD-3,5702,337714
2022-12-02,178065,153968,24097,0.0725741116093882,332033,16512,Plumas,0,CD-3,5591,337624
2022-12-05,180291,155767,24524,0.0729754982770831,336058,4063,Plumas,0,CD-3,2152,338210
2022-12-06,180291,155767,24524,0.0729754982770831,336058,4063,Plumas,0,CD-3,2152,338210
2022-12-07,181256,156633,24623,0.0728730441062005,337889,257,Plumas,0,CD-3,257,338146
2022-12-08,181438,156761,24677,0.072965916516607,338199,0,Plumas,0,CD-3,0,338199
2022-11-14,89150,79188,9962,0.0591785574261307,168338,346428,Sacramento,192079,CD-3,153578,321916
2022-11-15,89725,79595,10130,0.0598275454760217,169320,344949,Sacramento,192079,CD-3,152099,321419
2022-11-16,96334,85690,10644,0.0584758053883004,182024,297717,Sacramento,145452,CD-3,147300,329324
2022-11-17,99970,91154,8816,0.0461271216592369,191124,277382,Sacramento,145452,CD-3,135548,326672
2022-11-18,102427,92948,9479,0.0485169545745361,195375,268005,Sacramento,145452,CD-3,133315,328690
2022-11-21,123544,113469,10075,0.0425082168488648,237013,242993,Sacramento,145000,CD-3,109522,346535
2022-11-22,124396,114118,10278,0.0430918101243532,238514,237469,Sacramento,145000,CD-3,104072,342586
2022-11-23,148103,132576,15527,0.0553194218306321,280679,143446,Sacramento,89000,CD-3,61013,341692
2022-11-24,156469,137009,19460,0.0663082070887766,293478,129640,Sacramento,89000,CD-3,48137,341615
2022-11-28,156469,137009,19460,0.0663082070887766,293478,129640,Sacramento,89000,CD-3,48137,341615
2022-11-29,156469,137009,19460,0.0663082070887766,293478,129640,Sacramento,89000,CD-3,48137,341615
2022-11-30,178022,153941,24081,0.072541216942852,331963,27035,Sacramento,12000,CD-3,15607,347570
2022-12-01,178058,153954,24104,0.0725997855499198,332012,16787,Sacramento,12000,CD-3,5702,337714
2022-12-02,178065,153968,24097,0.0725741116093882,332033,16512,Sacramento,12000,CD-3,5591,337624
2022-12-05,180291,155767,24524,0.0729754982770831,336058,4063,Sacramento,2100,CD-3,2152,338210
2022-12-06,180291,155767,24524,0.0729754982770831,336058,4063,Sacramento,2100,CD-3,2152,338210
2022-12-07,181256,156633,24623,0.0728730441062005,337889,257,Sacramento,0,CD-3,257,338146
2022-12-08,181438,156761,24677,0.072965916516607,338199,0,Sacramento,0,CD-3,0,338199
2022-11-14,89150,79188,9962,0.0591785574261307,168338,346428,Sierra,0,CD-3,153578,321916
2022-11-15,89725,79595,10130,0.0598275454760217,169320,344949,Sierra,0,CD-3,152099,321419
2022-11-16,96334,85690,10644,0.0584758053883004,182024,297717,Sierra,0,CD-3,147300,329324
2022-11-17,99970,91154,8816,0.0461271216592369,191124,277382,Sierra,0,CD-3,135548,326672
2022-11-18,102427,92948,9479,0.0485169545745361,195375,268005,Sierra,0,CD-3,133315,328690
2022-11-21,123544,113469,10075,0.0425082168488648,237013,242993,Sierra,0,CD-3,109522,346535
2022-11-22,124396,114118,10278,0.0430918101243532,238514,237469,Sierra,0,CD-3,104072,342586
2022-11-23,148103,132576,15527,0.0553194218306321,280679,143446,Sierra,0,CD-3,61013,341692
2022-11-24,156469,137009,19460,0.0663082070887766,293478,129640,Sierra,0,CD-3,48137,341615
2022-11-28,156469,137009,19460,0.0663082070887766,293478,129640,Sierra,0,CD-3,48137,341615
2022-11-29,156469,137009,19460,0.0663082070887766,293478,129640,Sierra,0,CD-3,48137,341615
2022-11-30,178022,153941,24081,0.072541216942852,331963,27035,Sierra,0,CD-3,15607,347570
2022-12-01,178058,153954,24104,0.0725997855499198,332012,16787,Sierra,0,CD-3,5702,337714
2022-12-02,178065,153968,24097,0.0725741116093882,332033,16512,Sierra,0,CD-3,5591,337624
2022-12-05,180291,155767,24524,0.0729754982770831,336058,4063,Sierra,0,CD-3,2152,338210
2022-12-06,180291,155767,24524,0.0729754982770831,336058,4063,Sierra,0,CD-3,2152,338210
2022-12-07,181256,156633,24623,0.0728730441062005,337889,257,Sierra,0,CD-3,257,338146
2022-12-08,181438,156761,24677,0.072965916516607,338199,0,Sierra,0,CD-3,0,338199
2022-11-14,89150,79188,9962,0.0591785574261307,168338,346428,Yuba,11019,CD-3,153578,321916
2022-11-15,89725,79595,10130,0.0598275454760217,169320,344949,Yuba,11019,CD-3,152099,321419
2022-11-16,96334,85690,10644,0.0584758053883004,182024,297717,Yuba,11019,CD-3,147300,329324
2022-11-17,99970,91154,8816,0.0461271216592369,191124,277382,Yuba,11019,CD-3,135548,326672
2022-11-18,102427,92948,9479,0.0485169545745361,195375,268005,Yuba,1666,CD-3,133315,328690
2022-11-21,123544,113469,10075,0.0425082168488648,237013,242993,Yuba,1666,CD-3,109522,346535
2022-11-22,124396,114118,10278,0.0430918101243532,238514,237469,Yuba,1666,CD-3,104072,342586
2022-11-23,148103,132576,15527,0.0553194218306321,280679,143446,Yuba,1666,CD-3,61013,341692
2022-11-24,156469,137009,19460,0.0663082070887766,293478,129640,Yuba,448,CD-3,48137,341615
2022-11-28,156469,137009,19460,0.0663082070887766,293478,129640,Yuba,448,CD-3,48137,341615
2022-11-29,156469,137009,19460,0.0663082070887766,293478,129640,Yuba,448,CD-3,48137,341615
2022-11-30,178022,153941,24081,0.072541216942852,331963,27035,Yuba,448,CD-3,15607,347570
2022-12-01,178058,153954,24104,0.0725997855499198,332012,16787,Yuba,0,CD-3,5702,337714
2022-12-02,178065,153968,24097,0.0725741116093882,332033,16512,Yuba,0,CD-3,5591,337624
2022-12-05,180291,155767,24524,0.0729754982770831,336058,4063,Yuba,0,CD-3,2152,338210
2022-12-06,180291,155767,24524,0.0729754982770831,336058,4063,Yuba,0,CD-3,2152,338210
2022-12-07,181256,156633,24623,0.0728730441062005,337889,257,Yuba,0,CD-3,257,338146
2022-12-08,181438,156761,24677,0.072965916516607,338199,0,Yuba,0,CD-3,0,338199
2022-11-14,39697,39613,84,0.0010591350397175,79310,237007,Fresno,76700,CD-13,64503,143813
2022-11-15,50442,51203,761,0.0074868414580156,101645,237007,Fresno,76700,CD-13,64503,166148
2022-11-16,55921,56521,600,0.005336084381281,112442,159072,Fresno,76700,CD-13,38295,150737
2022-11-17,60084,59121,963,0.0080785201963004,119205,84766,Fresno,22200,CD-13,20134,139339
2022-11-18,62529,61702,827,0.0066569535784144,124231,84766,Fresno,22200,CD-13,20134,144365
2022-11-21,63539,62674,865,0.0068534936971627,126213,64752,Fresno,2600,CD-13,17833,144046
2022-11-22,63539,62674,865,0.0068534936971627,126213,64752,Fresno,2600,CD-13,17833,144046
2022-11-23,66360,65660,700,0.0053022269353128,132020,21792,Fresno,2600,CD-13,8026,140046
2022-11-24,66808,66215,593,0.004457875705705,133023,6370,Fresno,2600,CD-13,580,133603
2022-11-28,66808,66215,593,0.004457875705705,133023,6370,Fresno,2600,CD-13,580,133603
2022-11-29,66808,66215,593,0.004457875705705,133023,6370,Fresno,2600,CD-13,580,133603
2022-11-30,66871,66272,599,0.0044989222114568,133143,3972,Fresno,2600,CD-13,377,133520
2022-12-01,66871,66272,599,0.0044989222114568,133143,3972,Fresno,2600,CD-13,377,133520
2022-12-02,66884,66300,584,0.0043849111004324,133184,3972,Fresno,2600,CD-13,377,133561
2022-12-06,67041,66476,565,0.0042316708733719,133517,0,Fresno,0,CD-13,0,133517
2022-12-09,67060,66496,564,0.0042229476773787,133556,0,Fresno,0,CD-13,0,133556
2022-11-14,39697,39613,84,0.0010591350397175,79310,237007,Madera,11757,CD-13,64503,143813
2022-11-15,50442,51203,761,0.0074868414580156,101645,237007,Madera,11757,CD-13,64503,166148
2022-11-16,55921,56521,600,0.005336084381281,112442,159072,Madera,11757,CD-13,38295,150737
2022-11-17,60084,59121,963,0.0080785201963004,119205,84766,Madera,614,CD-13,20134,139339
2022-11-18,62529,61702,827,0.0066569535784144,124231,84766,Madera,614,CD-13,20134,144365
2022-11-21,63539,62674,865,0.0068534936971627,126213,64752,Madera,200,CD-13,17833,144046
2022-11-22,63539,62674,865,0.0068534936971627,126213,64752,Madera,200,CD-13,17833,144046
2022-11-23,66360,65660,700,0.0053022269353128,132020,21792,Madera,200,CD-13,8026,140046
2022-11-24,66808,66215,593,0.004457875705705,133023,6370,Madera,0,CD-13,580,133603
2022-11-28,66808,66215,593,0.004457875705705,133023,6370,Madera,0,CD-13,580,133603
2022-11-29,66808,66215,593,0.004457875705705,133023,6370,Madera,0,CD-13,580,133603
2022-11-30,66871,66272,599,0.0044989222114568,133143,3972,Madera,0,CD-13,377,133520
2022-12-01,66871,66272,599,0.0044989222114568,133143,3972,Madera,0,CD-13,377,133520
2022-12-02,66884,66300,584,0.0043849111004324,133184,3972,Madera,0,CD-13,377,133561
2022-12-06,67041,66476,565,0.0042316708733719,133517,0,Madera,0,CD-13,0,133517
2022-12-09,67060,66496,564,0.0042229476773787,133556,0,Madera,0,CD-13,0,133556
2022-11-14,39697,39613,84,0.0010591350397175,79310,237007,Merced,22736,CD-13,64503,143813
2022-11-15,50442,51203,761,0.0074868414580156,101645,237007,Merced,22736,CD-13,64503,166148
2022-11-16,55921,56521,600,0.005336084381281,112442,159072,Merced,1313,CD-13,38295,150737
2022-11-17,60084,59121,963,0.0080785201963004,119205,84766,Merced,1313,CD-13,20134,139339
2022-11-18,62529,61702,827,0.0066569535784144,124231,84766,Merced,1313,CD-13,20134,144365
2022-11-21,63539,62674,865,0.0068534936971627,126213,64752,Merced,1313,CD-13,17833,144046
2022-11-22,63539,62674,865,0.0068534936971627,126213,64752,Merced,1313,CD-13,17833,144046
2022-11-23,66360,65660,700,0.0053022269353128,132020,21792,Merced,1313,CD-13,8026,140046
2022-11-24,66808,66215,593,0.004457875705705,133023,6370,Merced,0,CD-13,580,133603
2022-11-28,66808,66215,593,0.004457875705705,133023,6370,Merced,0,CD-13,580,133603
2022-11-29,66808,66215,593,0.004457875705705,133023,6370,Merced,0,CD-13,580,133603
2022-11-30,66871,66272,599,0.0044989222114568,133143,3972,Merced,0,CD-13,377,133520
2022-12-01,66871,66272,599,0.0044989222114568,133143,3972,Merced,0,CD-13,377,133520
2022-12-02,66884,66300,584,0.0043849111004324,133184,3972,Merced,0,CD-13,377,133561
2022-12-06,67041,66476,565,0.0042316708733719,133517,0,Merced,0,CD-13,0,133517
2022-12-09,67060,66496,564,0.0042229476773787,133556,0,Merced,0,CD-13,0,133556
2022-11-14,39697,39613,84,0.0010591350397175,79310,237007,San Joaquin,85342,CD-13,64503,143813
2022-11-15,50442,51203,761,0.0074868414580156,101645,237007,San Joaquin,85342,CD-13,64503,166148
2022-11-16,55921,56521,600,0.005336084381281,112442,159072,San Joaquin,28830,CD-13,38295,150737
2022-11-17,60084,59121,963,0.0080785201963004,119205,84766,San Joaquin,28830,CD-13,20134,139339
2022-11-18,62529,61702,827,0.0066569535784144,124231,84766,San Joaquin,28830,CD-13,20134,144365
2022-11-21,63539,62674,865,0.0068534936971627,126213,64752,San Joaquin,28830,CD-13,17833,144046
2022-11-22,63539,62674,865,0.0068534936971627,126213,64752,San Joaquin,28830,CD-13,17833,144046
2022-11-23,66360,65660,700,0.0053022269353128,132020,21792,San Joaquin,3770,CD-13,8026,140046
2022-11-24,66808,66215,593,0.004457875705705,133023,6370,San Joaquin,3770,CD-13,580,133603
2022-11-28,66808,66215,593,0.004457875705705,133023,6370,San Joaquin,3770,CD-13,580,133603
2022-11-29,66808,66215,593,0.004457875705705,133023,6370,San Joaquin,3770,CD-13,580,133603
2022-11-30,66871,66272,599,0.0044989222114568,133143,3972,San Joaquin,1372,CD-13,377,133520
2022-12-01,66871,66272,599,0.0044989222114568,133143,3972,San Joaquin,1372,CD-13,377,133520
2022-12-02,66884,66300,584,0.0043849111004324,133184,3972,San Joaquin,1372,CD-13,377,133561
2022-12-06,67041,66476,565,0.0042316708733719,133517,0,San Joaquin,0,CD-13,0,133517
2022-12-09,67060,66496,564,0.0042229476773787,133556,0,San Joaquin,0,CD-13,0,133556
2022-11-14,39697,39613,84,0.0010591350397175,79310,237007,Stanislaus,40472,CD-13,64503,143813
2022-11-15,50442,51203,761,0.0074868414580156,101645,237007,Stanislaus,40472,CD-13,64503,166148
2022-11-16,55921,56521,600,0.005336084381281,112442,159072,Stanislaus,40472,CD-13,38295,150737
2022-11-17,60084,59121,963,0.0080785201963004,119205,84766,Stanislaus,31809,CD-13,20134,139339
2022-11-18,62529,61702,827,0.0066569535784144,124231,84766,Stanislaus,31809,CD-13,20134,144365
2022-11-21,63539,62674,865,0.0068534936971627,126213,64752,Stanislaus,31809,CD-13,17833,144046
2022-11-22,63539,62674,865,0.0068534936971627,126213,64752,Stanislaus,31809,CD-13,17833,144046
2022-11-23,66360,65660,700,0.0053022269353128,132020,21792,Stanislaus,13909,CD-13,8026,140046
2022-11-24,66808,66215,593,0.004457875705705,133023,6370,Stanislaus,0,CD-13,580,133603
2022-11-28,66808,66215,593,0.004457875705705,133023,6370,Stanislaus,0,CD-13,580,133603
2022-11-29,66808,66215,593,0.004457875705705,133023,6370,Stanislaus,0,CD-13,580,133603
2022-11-30,66871,66272,599,0.0044989222114568,133143,3972,Stanislaus,0,CD-13,377,133520
2022-12-01,66871,66272,599,0.0044989222114568,133143,3972,Stanislaus,0,CD-13,377,133520
2022-12-02,66884,66300,584,0.0043849111004324,133184,3972,Stanislaus,0,CD-13,377,133561
2022-12-06,67041,66476,565,0.0042316708733719,133517,0,Stanislaus,0,CD-13,0,133517
2022-12-09,67060,66496,564,0.0042229476773787,133556,0,Stanislaus,0,CD-13,0,133556
2022-11-14,29677,26799,2878,0.0509596996954458,56476,108606,Kern,72428,CD-22,55823,112299
2022-11-15,30210,27147,3063,0.053402374601182,57357,108606,Kern,72428,CD-22,55823,113180
2022-11-16,35421,32142,3279,0.0485324807957017,67563,104409,Kern,72428,CD-22,54009,121572
2022-11-17,37637,33672,3965,0.0556030795551753,71309,80808,Kern,55380,CD-22,41700,113009
2022-11-18,39043,34598,4445,0.0603603970614195,73641,69465,Kern,55380,CD-22,37027,110668
2022-11-21,44862,40315,4547,0.0533829554926799,85177,40557,Kern,38174,CD-22,22506,107683
2022-11-22,51842,48461,3381,0.0337078651685393,100303,40557,Kern,38174,CD-22,22506,122809
2022-11-23,51979,48589,3390,0.0337085355182563,100568,5001,Kern,3376,CD-22,2578,103146
2022-11-24,52065,48709,3356,0.0333022406573124,100774,3726,Kern,2776,CD-22,1962,102736
2022-11-28,52065,48709,3356,0.0333022406573124,100774,3726,Kern,2776,CD-22,1962,102736
2022-11-29,52112,48765,3347,0.0331790199946469,100877,3702,Kern,2776,CD-22,1946,102823
2022-11-30,52129,48783,3346,0.0331576026637069,100912,3573,Kern,2776,CD-22,1893,102805
2022-12-01,52472,49196,3276,0.0322225282291379,101668,3573,Kern,2776,CD-22,1893,103561
2022-12-02,52472,49196,3276,0.0322225282291379,101668,1517,Kern,720,CD-22,734,102402
2022-12-05,52849,49722,3127,0.0304861998030632,102571,100,Kern,100,CD-22,56,102627
2022-12-06,52849,49722,3127,0.0304861998030632,102571,100,Kern,100,CD-22,56,102627
2022-12-07,52849,49722,3127,0.0304861998030632,102571,100,Kern,100,CD-22,56,102627
2022-12-08,52849,49722,3127,0.0304861998030632,102571,100,Kern,100,CD-22,56,102627
2022-12-09,52993,49859,3134,0.030470967992844,102852,0,Kern,0,CD-22,0,102852
2022-11-14,29677,26799,2878,0.0509596996954458,56476,108606,Kings,409,CD-22,55823,112299
2022-11-15,30210,27147,3063,0.053402374601182,57357,108606,Kings,409,CD-22,55823,113180
2022-11-16,35421,32142,3279,0.0485324807957017,67563,104409,Kings,24,CD-22,54009,121572
2022-11-17,37637,33672,3965,0.0556030795551753,71309,80808,Kings,24,CD-22,41700,113009
2022-11-18,39043,34598,4445,0.0603603970614195,73641,69465,Kings,24,CD-22,37027,110668
2022-11-21,44862,40315,4547,0.0533829554926799,85177,40557,Kings,24,CD-22,22506,107683
2022-11-22,51842,48461,3381,0.0337078651685393,100303,40557,Kings,24,CD-22,22506,122809
2022-11-23,51979,48589,3390,0.0337085355182563,100568,5001,Kings,24,CD-22,2578,103146
2022-11-24,52065,48709,3356,0.0333022406573124,100774,3726,Kings,24,CD-22,1962,102736
2022-11-28,52065,48709,3356,0.0333022406573124,100774,3726,Kings,24,CD-22,1962,102736
2022-11-29,52112,48765,3347,0.0331790199946469,100877,3702,Kings,0,CD-22,1946,102823
2022-11-30,52129,48783,3346,0.0331576026637069,100912,3573,Kings,0,CD-22,1893,102805
2022-12-01,52472,49196,3276,0.0322225282291379,101668,3573,Kings,0,CD-22,1893,103561
2022-12-02,52472,49196,3276,0.0322225282291379,101668,1517,Kings,0,CD-22,734,102402
2022-12-05,52849,49722,3127,0.0304861998030632,102571,100,Kings,0,CD-22,56,102627
2022-12-06,52849,49722,3127,0.0304861998030632,102571,100,Kings,0,CD-22,56,102627
2022-12-07,52849,49722,3127,0.0304861998030632,102571,100,Kings,0,CD-22,56,102627
2022-12-08,52849,49722,3127,0.0304861998030632,102571,100,Kings,0,CD-22,56,102627
2022-12-09,52993,49859,3134,0.030470967992844,102852,0,Kings,0,CD-22,0,102852
2022-11-14,29677,26799,2878,0.0509596996954458,56476,108606,Tulare,35769,CD-22,55823,112299
2022-11-15,30210,27147,3063,0.053402374601182,57357,108606,Tulare,35769,CD-22,55823,113180
2022-11-16,35421,32142,3279,0.0485324807957017,67563,104409,Tulare,31957,CD-22,54009,121572
2022-11-17,37637,33672,3965,0.0556030795551753,71309,80808,Tulare,25404,CD-22,41700,113009
2022-11-18,39043,34598,4445,0.0603603970614195,73641,69465,Tulare,14061,CD-22,37027,110668
2022-11-21,44862,40315,4547,0.0533829554926799,85177,40557,Tulare,2359,CD-22,22506,107683
2022-11-22,51842,48461,3381,0.0337078651685393,100303,40557,Tulare,2359,CD-22,22506,122809
2022-11-23,51979,48589,3390,0.0337085355182563,100568,5001,Tulare,1601,CD-22,2578,103146
2022-11-24,52065,48709,3356,0.0333022406573124,100774,3726,Tulare,926,CD-22,1962,102736
2022-11-28,52065,48709,3356,0.0333022406573124,100774,3726,Tulare,926,CD-22,1962,102736
2022-11-29,52112,48765,3347,0.0331790199946469,100877,3702,Tulare,926,CD-22,1946,102823
2022-11-30,52129,48783,3346,0.0331576026637069,100912,3573,Tulare,797,CD-22,1893,102805
2022-12-01,52472,49196,3276,0.0322225282291379,101668,3573,Tulare,797,CD-22,1893,103561
2022-12-02,52472,49196,3276,0.0322225282291379,101668,1517,Tulare,797,CD-22,734,102402
2022-12-05,52849,49722,3127,0.0304861998030632,102571,100,Tulare,0,CD-22,56,102627
2022-12-06,52849,49722,3127,0.0304861998030632,102571,100,Tulare,0,CD-22,56,102627
2022-12-07,52849,49722,3127,0.0304861998030632,102571,100,Tulare,0,CD-22,56,102627
2022-12-08,52849,49722,3127,0.0304861998030632,102571,100,Tulare,0,CD-22,56,102627
2022-12-09,52993,49859,3134,0.030470967992844,102852,0,Tulare,0,CD-22,0,102852
2022-11-14,76203,61342,14861,0.1080446399360209,137545,1006300,Los Angeles,1006300,CD-27,72647,210192
2022-11-15,81720,68553,13167,0.0876205306342456,150273,1006300,Los Angeles,1006300,CD-27,72647,222920
2022-11-16,85435,72301,13134,0.0832657097935791,157736,655300,Los Angeles,655300,CD-27,47308,205044
2022-11-17,89550,75704,13846,0.0837861715904002,165254,463050,Los Angeles,463050,CD-27,33429,198683
2022-11-18,94538,80614,13924,0.0794966657531743,175152,463050,Los Angeles,463050,CD-27,33429,208581
2022-11-21,104058,91301,12757,0.0653002933061696,195359,332550,Los Angeles,332550,CD-27,24008,219367
2022-11-22,104058,91301,12757,0.0653002933061696,195359,25250,Los Angeles,25250,CD-27,1823,197182
2022-11-23,104433,91669,12764,0.0650885763531223,196102,25250,Los Angeles,25250,CD-27,1823,197925
2022-11-24,104433,91669,12764,0.0650885763531223,196102,15105,Los Angeles,15105,CD-27,1090,197192
2022-11-28,104433,91669,12764,0.0650885763531223,196102,15105,Los Angeles,15105,CD-27,1090,197192
2022-11-29,104433,91669,12764,0.0650885763531223,196102,15105,Los Angeles,15105,CD-27,1090,197192
2022-11-30,104536,91782,12754,0.0649660245112521,196318,11405,Los Angeles,11405,CD-27,823,197141
2022-12-01,104536,91782,12754,0.0649660245112521,196318,11405,Los Angeles,11405,CD-27,823,197141
2022-12-02,104536,91782,12754,0.0649660245112521,196318,11405,Los Angeles,11405,CD-27,823,197141
2022-12-05,104567,91841,12726,0.064793694757851,196408,11405,Los Angeles,11405,CD-27,823,197231
2022-12-06,104624,91892,12732,0.0647886177206945,196516,0,Los Angeles,0,CD-27,0,196516
2022-11-14,82984,78918,4066,0.0251139578263393,161902,121000,Riverside,121000,CD-41,51001,212903
2022-11-15,91215,85726,5489,0.0310216399816888,176941,94000,Riverside,94000,CD-41,39620,216561
2022-11-16,95774,89269,6505,0.0351539912344698,185043,67000,Riverside,67000,CD-41,28240,213283
2022-11-17,102599,96313,6286,0.0316019144144144,198912,27000,Riverside,27000,CD-41,11380,210292
2022-11-18,109295,102145,7150,0.0338157396897465,211440,47000,Riverside,47000,CD-41,19810,231250
2022-11-21,120355,109991,10364,0.0449931841664279,230346,15000,Riverside,15000,CD-41,6322,236668
2022-11-22,122121,111232,10889,0.0466632098151727,233353,8000,Riverside,8000,CD-41,3372,236725
2022-11-23,122121,111232,10889,0.0466632098151727,233353,8000,Riverside,8000,CD-41,3372,236725
2022-11-24,123000,111979,11021,0.0469020635886611,234979,4000,Riverside,4000,CD-41,1686,236665
2022-11-28,123000,111979,11021,0.0469020635886611,234979,4000,Riverside,4000,CD-41,1686,236665
2022-11-29,123000,111979,11021,0.0469020635886611,234979,4000,Riverside,4000,CD-41,1686,236665
2022-11-30,123298,112324,10974,0.0465745982972727,235622,1000,Riverside,1000,CD-41,421,236043
2022-12-01,123298,112324,10974,0.0465745982972727,235622,1000,Riverside,1000,CD-41,421,236043
2022-12-02,123869,112769,11100,0.0469070901545821,236638,0,Riverside,0,CD-41,0,236638
2022-11-14,88745,76252,12493,0.0757165281793002,164997,1245481,Los Angeles,1006300,CD-45,67209,232206
2022-11-15,96114,82477,13637,0.0763588310721145,178591,1182841,Los Angeles,1006300,CD-45,51902,230493
2022-11-16,101958,87486,14472,0.0763919680749984,189444,772060,Los Angeles,655300,CD-45,34238,223682
2022-11-17,106781,94089,12692,0.0631851446208991,200870,522809,Los Angeles,463050,CD-45,18635,219505
2022-11-18,110884,99492,11392,0.0541506635737916,210376,489254,Los Angeles,463050,CD-45,10435,220811
2022-11-21,112060,101541,10519,0.0492460241291005,213601,355747,Los Angeles,332550,CD-45,8564,222165
2022-11-22,112867,102421,10446,0.0485210508713908,215288,39741,Los Angeles,25250,CD-45,3761,219049
2022-11-23,112987,102572,10415,0.0483162382456775,215559,38735,Los Angeles,25250,CD-45,3515,219074
2022-11-24,113163,102802,10361,0.0479753663788113,215965,26217,Los Angeles,15105,CD-45,2847,218812
2022-11-28,113227,102845,10382,0.0480487985486319,216072,25818,Los Angeles,15105,CD-45,2749,218821
2022-11-29,113906,103406,10500,0.0483176262700633,217312,15105,Los Angeles,15105,CD-45,1278,218590
2022-11-30,113906,103406,10500,0.0483176262700633,217312,11405,Los Angeles,11405,CD-45,1245,218557
2022-12-01,113928,103427,10501,0.048312668215592,217355,15803,Los Angeles,11405,CD-45,1174,218529
2022-12-02,113953,103462,10491,0.0482533403858979,217415,11505,Los Angeles,11405,CD-45,124,217539
2022-12-05,113958,103466,10492,0.0482559423062771,217424,11405,Los Angeles,11405,CD-45,99,217523
2022-12-06,113960,103466,10494,0.048264696954366,217426,0,Los Angeles,0,CD-45,0,217426
2022-11-14,88745,76252,12493,0.0757165281793002,164997,1245481,Orange,239181,CD-45,67209,232206
2022-11-15,96114,82477,13637,0.0763588310721145,178591,1182841,Orange,176541,CD-45,51902,230493
2022-11-16,101958,87486,14472,0.0763919680749984,189444,772060,Orange,116760,CD-45,34238,223682
2022-11-17,106781,94089,12692,0.0631851446208991,200870,522809,Orange,59759,CD-45,18635,219505
2022-11-18,110884,99492,11392,0.0541506635737916,210376,489254,Orange,26204,CD-45,10435,220811
2022-11-21,112060,101541,10519,0.0492460241291005,213601,355747,Orange,23197,CD-45,8564,222165
2022-11-22,112867,102421,10446,0.0485210508713908,215288,39741,Orange,14491,CD-45,3761,219049
2022-11-23,112987,102572,10415,0.0483162382456775,215559,38735,Orange,13485,CD-45,3515,219074
2022-11-24,113163,102802,10361,0.0479753663788113,215965,26217,Orange,11112,CD-45,2847,218812
2022-11-28,113227,102845,10382,0.0480487985486319,216072,25818,Orange,10713,CD-45,2749,218821
2022-11-29,113906,103406,10500,0.0483176262700633,217312,15105,Orange,"4,690",CD-45,1278,218590
2022-11-30,113906,103406,10500,0.0483176262700633,217312,11405,Orange,"4,690",CD-45,1245,218557
2022-12-01,113928,103427,10501,0.048312668215592,217355,15803,Orange,4398,CD-45,1174,218529
2022-12-02,113953,103462,10491,0.0482533403858979,217415,11505,Orange,100,CD-45,124,217539
2022-12-05,113958,103466,10492,0.0482559423062771,217424,11405,Orange,0,CD-45,99,217523
2022-12-06,113960,103466,10494,0.048264696954366,217426,0,Orange,0,CD-45,0,217426
2022-11-14,99907,105045,5138,0.0250692845153987,204952,239181,Orange,239181,CD-47,62526,267478
2022-11-15,111501,114392,2891,0.0127980946731417,225893,176541,Orange,176541,CD-47,46151,272044
2022-11-16,117204,120876,3672,0.0154233870967741,238080,116760,Orange,116760,CD-47,30523,268603
2022-11-17,122543,129463,6920,0.0274596636588017,252006,59759,Orange,59759,CD-47,15622,267628
2022-11-18,125509,133759,8250,0.0318203557708625,259268,26204,Orange,26204,CD-47,6850,266118
2022-11-21,125857,134258,8401,0.0322972531380351,260115,23197,Orange,23197,CD-47,6064,266179
2022-11-22,126967,135699,8732,0.0332437391973076,262666,14491,Orange,14491,CD-47,3788,266454
2022-11-23,127088,135868,8780,0.0333896165137893,262956,13485,Orange,13485,CD-47,3525,266481
2022-11-24,127318,136300,8982,0.034072028465431,263618,11112,Orange,11112,CD-47,2905,266523
2022-11-28,127356,136356,9000,0.0341281397888605,263712,10713,Orange,10713,CD-47,2801,266513
2022-11-29,127911,137016,9105,0.0343679579657792,264927,6688,Orange,6688,CD-47,1748,266675
2022-11-30,128186,137297,9111,0.0343185816040951,265483,4690,Orange,4690,CD-47,1226,266709
2022-12-01,128209,137332,9123,0.0343562764318881,265541,4398,Orange,4398,CD-47,1150,266691
2022-12-02,128261,137374,9113,0.0343064731680689,265635,100,Orange,100,CD-47,26,265661
2022-11-14,114698,127206,12508,0.051706462067597,241904,404181,Orange,239181,CD-49,46855,288759
2022-11-15,122250,135046,12796,0.0497326036938001,257296,256541,Orange,176541,CD-49,27728,285024
2022-11-16,125950,137969,12019,0.0455404878011814,263919,196760,Orange,116760,CD-49,22783,286702
2022-11-17,135229,149860,14631,0.0513208156049514,285089,74759,Orange,59759,CD-49,7404,292493
2022-11-18,136493,151276,14783,0.051371064986152,287769,41204,Orange,26204,CD-49,4628,292397
2022-11-21,136882,151950,15068,0.0521687347662308,288832,34197,Orange,23197,CD-49,3724,292556
2022-11-22,137259,152292,15033,0.0519183149082545,289551,25491,Orange,14491,CD-49,3003,292554
2022-11-23,137318,152336,15018,0.0518480670040807,289654,24485,Orange,13485,CD-49,2920,292574
2022-11-24,137631,152807,15176,0.052252115769975,290438,19812,Orange,11112,CD-49,2346,292784
2022-11-28,137645,152829,15184,0.0522731810764474,290474,19413,Orange,10713,CD-49,2313,292787
2022-11-29,137804,152983,15179,0.0521997200700168,290787,15388,Orange,6688,CD-49,1981,292768
2022-11-30,137954,153160,15206,0.0522338327940257,291114,11690,Orange,4690,CD-49,1536,292650
2022-12-01,137966,153179,15213,0.0522523141390029,291145,11398,Orange,4398,CD-49,1512,292657
2022-12-02,138089,153370,15281,0.0524293296827341,291459,5900,Orange,100,CD-49,960,292419
2022-12-05,138089,153370,15281,0.0524293296827341,291459,5800,Orange,0,CD-49,952,292411
2022-12-06,138089,153370,15281,0.0524293296827341,291459,5800,Orange,0,CD-49,952,292411
2022-12-07,138189,153521,15332,0.0525590483699564,291710,4600,Orange,0,CD-49,755,292465
2022-12-08,138189,153521,15332,0.0525590483699564,291710,4600,Orange,0,CD-49,755,292465
2022-12-09,138194,153541,15347,0.0526059608891631,291735,0,Orange,0,CD-49,0,291735
2022-11-14,114698,127206,12508,0.051706462067597,241904,404181,San Diego,165000,CD-49,46855,288759
2022-11-15,122250,135046,12796,0.0497326036938001,257296,256541,San Diego,80000,CD-49,27728,285024
2022-11-16,125950,137969,12019,0.0455404878011814,263919,196760,San Diego,80000,CD-49,22783,286702
2022-11-17,135229,149860,14631,0.0513208156049514,285089,74759,San Diego,15000,CD-49,7404,292493
2022-11-18,136493,151276,14783,0.051371064986152,287769,41204,San Diego,15000,CD-49,4628,292397
2022-11-21,136882,151950,15068,0.0521687347662308,288832,34197,San Diego,11000,CD-49,3724,292556
2022-11-22,137259,152292,15033,0.0519183149082545,289551,25491,San Diego,11000,CD-49,3003,292554
2022-11-23,137318,152336,15018,0.0518480670040807,289654,24485,San Diego,11000,CD-49,2920,292574
2022-11-24,137631,152807,15176,0.052252115769975,290438,19812,San Diego,8700,CD-49,2346,292784
2022-11-28,137645,152829,15184,0.0522731810764474,290474,19413,San Diego,8700,CD-49,2313,292787
2022-11-29,137804,152983,15179,0.0521997200700168,290787,15388,San Diego,8700,CD-49,1981,292768
2022-11-30,137954,153160,15206,0.0522338327940257,291114,11690,San Diego,"7,000",CD-49,1536,292650
2022-12-01,137966,153179,15213,0.0522523141390029,291145,11398,San Diego,"7,000",CD-49,1512,292657
2022-12-02,138089,153370,15281,0.0524293296827341,291459,5900,San Diego,5800,CD-49,960,292419
2022-12-05,138089,153370,15281,0.0524293296827341,291459,5800,San Diego,5800,CD-49,952,292411
2022-12-06,138089,153370,15281,0.0524293296827341,291459,5800,San Diego,5800,CD-49,952,292411
2022-12-07,138189,153521,15332,0.0525590483699564,291710,4600,San Diego,4600,CD-49,755,292465
2022-12-08,138189,153521,15332,0.0525590483699564,291710,4600,San Diego,4600,CD-49,755,292465
2022-12-09,138194,153541,15347,0.0526059608891631,291735,0,San Diego,0,CD-49,0,291735
2022-11-28,67481,67108,373,0.0027714003373232,134589,6326,Fresno,2600,SD-16,2219,136808
2022-11-29,67588,67211,377,0.0027967566524974,134799,6302,Fresno,2600,SD-16,2195,136994
2022-11-30,67625,67269,356,0.0026391092265037,134894,6173,Fresno,2600,SD-16,2106,137000
2022-12-01,67924,67679,245,0.0018067446885393,135603,6173,Fresno,2600,SD-16,2106,137709
2022-12-02,67924,67679,245,0.0018067446885393,135603,4117,Fresno,2600,SD-16,1005,136608
2022-12-05,68219,68264,45,0.0003297113926276,136483,100,Fresno,0,SD-16,54,136537
2022-12-06,68290,68302,12,8.785287571746515e-05,136592,100,Fresno,0,SD-16,54,136646
2022-12-07,68290,68302,12,8.785287571746515e-05,136592,100,Fresno,0,SD-16,54,136646
2022-12-08,68290,68302,12,8.785287571746515e-05,136592,100,Fresno,0,SD-16,54,136646
2022-12-09,68437,68457,20,0.0001460984411296,136894,0,Fresno,0,SD-16,0,136894
2022-11-28,67481,67108,373,0.0027714003373232,134589,6326,Kern,2776,SD-16,2219,136808
2022-11-29,67588,67211,377,0.0027967566524974,134799,6302,Kern,2776,SD-16,2195,136994
2022-11-30,67625,67269,356,0.0026391092265037,134894,6173,Kern,2776,SD-16,2106,137000
2022-12-01,67924,67679,245,0.0018067446885393,135603,6173,Kern,2776,SD-16,2106,137709
2022-12-02,67924,67679,245,0.0018067446885393,135603,4117,Kern,720,SD-16,1005,136608
2022-12-05,68219,68264,45,0.0003297113926276,136483,100,Kern,100,SD-16,54,136537
2022-12-06,68290,68302,12,8.785287571746515e-05,136592,100,Kern,100,SD-16,54,136646
2022-12-07,68290,68302,12,8.785287571746515e-05,136592,100,Kern,100,SD-16,54,136646
2022-12-08,68290,68302,12,8.785287571746515e-05,136592,100,Kern,100,SD-16,54,136646
2022-12-09,68437,68457,20,0.0001460984411296,136894,0,Kern,0,SD-16,0,136894
2022-11-28,67481,67108,373,0.0027714003373232,134589,6326,Kings,24,SD-16,2219,136808
2022-11-29,67588,67211,377,0.0027967566524974,134799,6302,Kings,0,SD-16,2195,136994
2022-11-30,67625,67269,356,0.0026391092265037,134894,6173,Kings,0,SD-16,2106,137000
2022-12-01,67924,67679,245,0.0018067446885393,135603,6173,Kings,0,SD-16,2106,137709
2022-12-02,67924,67679,245,0.0018067446885393,135603,4117,Kings,0,SD-16,1005,136608
2022-12-05,68219,68264,45,0.0003297113926276,136483,100,Kings,0,SD-16,54,136537
2022-12-06,68290,68302,12,8.785287571746515e-05,136592,100,Kings,0,SD-16,54,136646
2022-12-07,68290,68302,12,8.785287571746515e-05,136592,100,Kings,0,SD-16,54,136646
2022-12-08,68290,68302,12,8.785287571746515e-05,136592,100,Kings,0,SD-16,54,136646
2022-12-09,68437,68457,20,0.0001460984411296,136894,0,Kings,0,SD-16,0,136894
2022-11-28,67481,67108,373,0.0027714003373232,134589,6326,Tulare,926,SD-16,2219,136808
2022-11-29,67588,67211,377,0.0027967566524974,134799,6302,Tulare,926,SD-16,2195,136994
2022-11-30,67625,67269,356,0.0026391092265037,134894,6173,Tulare,797,SD-16,2106,137000
2022-12-01,67924,67679,245,0.0018067446885393,135603,6173,Tulare,797,SD-16,2106,137709
2022-12-02,67924,67679,245,0.0018067446885393,135603,4117,Tulare,797,SD-16,1005,136608
2022-12-05,68219,68264,45,0.0003297113926276,136483,100,Tulare,0,SD-16,54,136537
2022-12-06,68290,68302,12,8.785287571746515e-05,136592,100,Tulare,0,SD-16,54,136646
2022-12-07,68290,68302,12,8.785287571746515e-05,136592,100,Tulare,0,SD-16,54,136646
2022-12-08,68290,68302,12,8.785287571746515e-05,136592,100,Tulare,0,SD-16,54,136646
2022-12-09,68437,68457,20,0.0001460984411296,136894,0,Tulare,0,SD-16,0,136894
2022-11-16,48289,49195,906,0.0092938328341061,97484,145452,Sacramento,145452,AD-7,47638,145122
2022-11-17,48289,49195,906,0.0092938328341061,97484,145452,Sacramento,145452,AD-7,47638,145122
2022-11-18,48289,49195,906,0.0092938328341061,97484,145452,Sacramento,145452,AD-7,47638,145122
2022-11-21,61902,61886,16,0.0001292532394093,123788,145000,Sacramento,145000,AD-7,47490,171278
2022-11-22,61902,61886,16,0.0001292532394093,123788,145000,Sacramento,145000,AD-7,47490,171278
2022-11-23,73100,71532,1568,0.0108413075944465,144632,89000,Sacramento,89000,AD-7,29149,173781
2022-11-24,73100,71532,1568,0.0108413075944465,144632,89000,Sacramento,89000,AD-7,29149,173781
2022-11-28,73100,71532,1568,0.0108413075944465,144632,89000,Sacramento,89000,AD-7,29149,173781
2022-11-29,73100,71532,1568,0.0108413075944465,144632,89000,Sacramento,89000,AD-7,29149,173781
2022-11-30,82226,80749,1477,0.0090627396840006,162975,12000,Sacramento,12000,AD-7,3930,166905
2022-12-01,82226,80749,1477,0.0090627396840006,162975,12000,Sacramento,12000,AD-7,3930,166905
2022-12-02,82226,80749,1477,0.0090627396840006,162975,12000,Sacramento,12000,AD-7,3930,166905
2022-12-05,83400,82009,1391,0.0084094577683197,165409,2100,Sacramento,2100,AD-7,688,166097
2022-12-06,83400,82009,1391,0.0084094577683197,165409,2100,Sacramento,2100,AD-7,688,166097
2022-12-07,83768,82385,1383,0.0083236535000872,166153,0,Sacramento,0,AD-7,0,166153
2022-11-16,48289,49195,906,0.0092938328341061,97484,655300,Los Angeles,655300,AD-40,34016,131500
2022-11-17,68571,66119,2452,0.0182047665008538,134690,463050,Los Angeles,463050,AD-40,24036,158726
2022-11-18,71632,69774,1858,0.0131394707438156,141406,463050,Los Angeles,463050,AD-40,24036,165442
2022-11-21,78771,79282,511,0.0032330926967536,158053,332550,Los Angeles,332550,AD-40,17262,175315
2022-11-22,78771,79282,511,0.0032330926967536,158053,25250,Los Angeles,25250,AD-40,1311,159364
2022-11-23,79064,79562,498,0.0031394601137266,158626,25250,Los Angeles,25250,AD-40,1311,159937
2022-11-24,79064,79562,498,0.0031394601137266,158626,15105,Los Angeles,15105,AD-40,784,159410
2022-11-28,79064,79562,498,0.0031394601137266,158626,15105,Los Angeles,15105,AD-40,784,159410
2022-11-29,79064,79562,498,0.0031394601137266,158626,15105,Los Angeles,15105,AD-40,784,159410
2022-11-30,79249,79794,545,0.0034267462258634,159043,11405,Los Angeles,11405,AD-40,592,159635
2022-12-01,79249,79794,545,0.0034267462258634,159043,11405,Los Angeles,11405,AD-40,592,159635
2022-12-02,79249,79794,545,0.0034267462258634,159043,11405,Los Angeles,11405,AD-40,592,159635
2022-12-05,79271,79827,556,0.0034947013790242,159098,11405,Los Angeles,11405,AD-40,592,159690
2022-12-06,79330,79852,522,0.0032792652435576,159182,0,Los Angeles,0,AD-40,0,159182
2022-11-16,67839,68962,1123,0.0082090043201438,136801,192300,Riverside,67000,AD-47,20087,156888
2022-11-17,75934,77173,1239,0.0080923798389361,153107,116500,Riverside,27000,AD-47,10456,163563
2022-11-18,78363,79501,1138,0.0072087366340647,157864,92500,Riverside,47000,AD-47,11525,169389
2022-11-21,82819,82828,9,5.433240565781451e-05,165647,30700,Riverside,15000,AD-47,3750,169397
2022-11-22,83192,83289,97,0.0005826490710651,166481,20300,Riverside,8000,AD-47,2237,168718
2022-11-23,83284,83352,68,0.0004080750858157,166636,18600,Riverside,8000,AD-47,2135,168771
2022-11-24,83926,83978,52,0.0003097007813988,167904,14600,Riverside,4000,AD-47,1388,169292
2022-11-28,83926,83978,52,0.0003097007813988,167904,14600,Riverside,4000,AD-47,1388,169292
2022-11-29,83926,83978,52,0.0003097007813988,167904,14600,Riverside,4000,AD-47,1388,169292
2022-11-30,84434,84455,21,0.0001243420234591,168889,4650,Riverside,1000,AD-47,408,169297
2022-12-01,84434,84455,21,0.0001243420234591,168889,4650,Riverside,1000,AD-47,408,169297
2022-12-02,84647,84627,20,0.0001181516358093,169274,3150,Riverside,0,AD-47,191,169465
2022-12-05,84669,84635,34,0.0002008221896706,169304,2250,Riverside,0,AD-47,136,169440
2022-12-06,84686,84651,35,0.0002066884378487,169337,2050,Riverside,0,AD-47,124,169461
2022-12-07,84723,84654,69,0.0004073752634655,169377,1851,Riverside,0,AD-47,112,169489
2022-12-08,84752,84667,85,0.0005017146837131,169419,0,Riverside,0,AD-47,0,169419
2022-11-16,67839,68962,1123,0.0082090043201438,136801,192300,San Bernardino,125300,AD-47,20087,156888
2022-11-17,75934,77173,1239,0.0080923798389361,153107,116500,San Bernardino,89500,AD-47,10456,163563
2022-11-18,78363,79501,1138,0.0072087366340647,157864,92500,San Bernardino,45500,AD-47,11525,169389
2022-11-21,82819,82828,9,5.433240565781451e-05,165647,30700,San Bernardino,15700,AD-47,3750,169397
2022-11-22,83192,83289,97,0.0005826490710651,166481,20300,San Bernardino,12300,AD-47,2237,168718
2022-11-23,83284,83352,68,0.0004080750858157,166636,18600,San Bernardino,10600,AD-47,2135,168771
2022-11-24,83926,83978,52,0.0003097007813988,167904,14600,San Bernardino,10600,AD-47,1388,169292
2022-11-28,83926,83978,52,0.0003097007813988,167904,14600,San Bernardino,10600,AD-47,1388,169292
2022-11-29,83926,83978,52,0.0003097007813988,167904,14600,San Bernardino,10600,AD-47,1388,169292
2022-11-30,84434,84455,21,0.0001243420234591,168889,4650,San Bernardino,3650,AD-47,408,169297
2022-12-01,84434,84455,21,0.0001243420234591,168889,4650,San Bernardino,3650,AD-47,408,169297
2022-12-02,84647,84627,20,0.0001181516358093,169274,3150,San Bernardino,3150,AD-47,191,169465
2022-12-05,84669,84635,34,0.0002008221896706,169304,2250,San Bernardino,2250,AD-47,136,169440
2022-12-06,84686,84651,35,0.0002066884378487,169337,2050,San Bernardino,2050,AD-47,124,169461
2022-12-07,84723,84654,69,0.0004073752634655,169377,1851,San Bernardino,1851,AD-47,112,169489
2022-12-08,84752,84667,85,0.0005017146837131,169419,0,San Bernardino,0,AD-47,0,169419
