Race,race_id,batch_id,Batch Number,Datetime,baseline_dem_votes,baseline_total_votes,baseline_dem_proportion,this_batch_dem_votes,this_batch_total_votes,this_batch_dem_proportion,up_to_this_batch_dem_votes,up_to_this_batch_total_votes,up_to_this_batch_dem_proportion,up_to_this_batch_no_baseline_dem_votes,up_to_this_batch_no_baseline_total_votes,up_to_this_batch_no_baseline_dem_proportion,final_dem_votes,final_total_votes,final_dem_proportion
CD-41,5,0,3,2024-11-08 17:12:00,119833,247121,0.4849162960654902,0.0,0.0,,119833,247121,0.4849162960654902,0,0,,171229,354445,0.48309046537544614
CD-21,2,0,3,2024-11-08 17:12:00,64986,128496,0.5057433694434068,981.0,2135.0,0.4594847775175644,65967,130631,0.5049873307254786,981,2135,0.4594847775175644,102798,195531,0.5257376068244933
CD-45,6,0,3,2024-11-08 17:12:00,117564,244488,0.48085795621871014,7819.0,13868.0,0.563815979232766,125383,258356,0.48531096626360526,7819,13868,0.563815979232766,158264,315875,0.5010336367233874
CD-22,3,0,3,2024-11-08 17:12:00,45679,101615,0.44953008906165426,6840.0,13804.0,0.49550854824688495,52519,115419,0.45502906800440135,6840,13804,0.49550854824688495,78023,167507,0.46578948939447307
CD-47,7,0,3,2024-11-08 17:12:00,137577,275770,0.4988831272437176,5169.0,9644.0,0.5359809207797595,142746,285414,0.5001366436124367,5169,9644,0.5359809207797595,181721,353275,0.5143896397990234
CD-13,1,0,3,2024-11-08 17:12:00,55625,114417,0.4861602733859479,7006.0,14361.0,0.48784903558248033,62631,128778,0.4863485999161347,7006,14361,0.48784903558248033,105554,210921,0.5004432939346959
CD-40,4,0,3,2024-11-08 17:12:00,130259,298774,0.43597836491796477,7130.0,15098.0,0.47224797986488276,137389,313872,0.4377230208492634,7130,15098,0.47224797986488276,171637,383635,0.447396613969007
AD-58,0,0,3,2024-11-08 17:12:00,48086,98720,0.48709481361426255,48.0,84.0,0.5714285714285714,48134,98804,0.48716651147726814,48,84,0.5714285714285714,77696,155988,0.4980895966356386
CD-49,8,0,3,2024-11-08 17:12:00,145722,285076,0.5111689514375114,1578.0,3093.0,0.510184287099903,147300,288169,0.5111583827545642,1578,3093,0.510184287099903,197397,378347,0.5217353381948318
SD-19,10,0,3,2024-11-08 17:12:00,123971,265553,0.4668408942847567,611.0,1457.0,0.41935483870967744,124582,267010,0.4665817759634471,611,1457,0.41935483870967744,173291,383030,0.45242148134610866
SD-5,12,0,3,2024-11-08 17:12:00,91382,182173,0.5016220845020941,13868.0,21590.0,0.6423344140805929,105250,203763,0.516531460569387,13868,21590,0.6423344140805929,189668,358804,0.5286117211625289
SD-37,11,0,3,2024-11-08 17:12:00,171458,355138,0.482792604564986,8950.0,17168.0,0.5213187325256291,180408,372306,0.48456914473578183,8950,17168,0.5213187325256291,226270,458615,0.4933767975316987
CD-9,9,0,3,2024-11-08 17:12:00,74163,146313,0.5068790879826126,567.0,1200.0,0.4725,74730,147513,0.5065994183563483,567,1200,0.4725,130183,251357,0.5179207262976563
CD-21,2,1,4,2024-11-09 17:44:00,64986,128496,0.5057433694434068,0.0,0.0,,65967,130631,0.5049873307254786,981,2135,0.4594847775175644,102798,195531,0.5257376068244933
CD-41,5,1,4,2024-11-09 17:44:00,119833,247121,0.4849162960654902,15908.0,32241.0,0.4934090133680717,135741,279362,0.4858964354493453,15908,32241,0.4934090133680717,171229,354445,0.48309046537544614
CD-45,6,1,4,2024-11-09 17:44:00,117564,244488,0.48085795621871014,5412.0,10135.0,0.5339911198815984,130795,268491,0.48714854501640653,13231,24003,0.5512227638211891,158264,315875,0.5010336367233874
CD-9,9,1,4,2024-11-09 17:44:00,74163,146313,0.5068790879826126,10798.0,19519.0,0.5532045699062452,85528,167032,0.5120455960534508,11365,20719,0.5485303344756021,130183,251357,0.5179207262976563
CD-47,7,1,4,2024-11-09 17:44:00,137577,275770,0.4988831272437176,8508.0,14381.0,0.5916139350531952,151254,299795,0.5045247585850331,13677,24025,0.5692819979188345,181721,353275,0.5143896397990234
CD-40,4,1,4,2024-11-09 17:44:00,130259,298774,0.43597836491796477,9223.0,18469.0,0.49937733499377335,146612,332341,0.4411493014704776,16353,33567,0.48717490392349627,171637,383635,0.447396613969007
CD-49,8,1,4,2024-11-09 17:44:00,145722,285076,0.5111689514375114,20487.0,36248.0,0.5651898035753696,167787,324417,0.5171954613969059,22065,39341,0.5608652550774001,197397,378347,0.5217353381948318
SD-19,10,1,4,2024-11-09 17:44:00,123971,265553,0.4668408942847567,10308.0,21506.0,0.4793081000650981,134890,288516,0.4675303969277267,10919,22963,0.47550407176762616,173291,383030,0.45242148134610866
SD-37,11,1,4,2024-11-09 17:44:00,171458,355138,0.482792604564986,12863.0,25264.0,0.5091434452184928,193271,397570,0.48613074427144903,21813,42432,0.5140695701357466,226270,458615,0.4933767975316987
CD-22,3,1,4,2024-11-09 17:44:00,45679,101615,0.44953008906165426,9468.0,18063.0,0.5241654210264076,61987,133482,0.4643847110471824,16308,31867,0.5117519691216619,78023,167507,0.46578948939447307
AD-58,0,1,4,2024-11-09 17:44:00,48086,98720,0.48709481361426255,7143.0,13450.0,0.5310780669144981,55277,112254,0.49242788675681937,7191,13534,0.5313285059849269,77696,155988,0.4980895966356386
SD-5,12,1,4,2024-11-09 17:44:00,91382,182173,0.5016220845020941,10777.0,20545.0,0.5245558530055975,116027,224308,0.5172664372202507,24645,42135,0.5849056603773585,189668,358804,0.5286117211625289
CD-13,1,1,4,2024-11-09 17:44:00,55625,114417,0.4861602733859479,783.0,1311.0,0.597254004576659,63414,130089,0.4874662730899615,7789,15672,0.4970010209290454,105554,210921,0.5004432939346959
SD-37,11,2,5,2024-11-10 19:32:00,171458,355138,0.482792604564986,0.0,0.0,,193271,397570,0.48613074427144903,21813,42432,0.5140695701357466,226270,458615,0.4933767975316987
SD-5,12,2,5,2024-11-10 19:32:00,91382,182173,0.5016220845020941,0.0,0.0,,116027,224308,0.5172664372202507,24645,42135,0.5849056603773585,189668,358804,0.5286117211625289
CD-49,8,2,5,2024-11-10 19:32:00,145722,285076,0.5111689514375114,0.0,0.0,,167787,324417,0.5171954613969059,22065,39341,0.5608652550774001,197397,378347,0.5217353381948318
CD-41,5,2,5,2024-11-10 19:32:00,119833,247121,0.4849162960654902,0.0,0.0,,135741,279362,0.4858964354493453,15908,32241,0.4934090133680717,171229,354445,0.48309046537544614
CD-21,2,2,5,2024-11-10 19:32:00,64986,128496,0.5057433694434068,0.0,0.0,,65967,130631,0.5049873307254786,981,2135,0.4594847775175644,102798,195531,0.5257376068244933
CD-40,4,2,5,2024-11-10 19:32:00,130259,298774,0.43597836491796477,0.0,0.0,,146612,332341,0.4411493014704776,16353,33567,0.48717490392349627,171637,383635,0.447396613969007
SD-19,10,2,5,2024-11-10 19:32:00,123971,265553,0.4668408942847567,0.0,0.0,,134890,288516,0.4675303969277267,10919,22963,0.47550407176762616,173291,383030,0.45242148134610866
CD-9,9,2,5,2024-11-10 19:32:00,74163,146313,0.5068790879826126,0.0,0.0,,85528,167032,0.5120455960534508,11365,20719,0.5485303344756021,130183,251357,0.5179207262976563
CD-47,7,2,5,2024-11-10 19:32:00,137577,275770,0.4988831272437176,0.0,0.0,,151254,299795,0.5045247585850331,13677,24025,0.5692819979188345,181721,353275,0.5143896397990234
CD-22,3,2,5,2024-11-10 19:32:00,45679,101615,0.44953008906165426,0.0,0.0,,61987,133482,0.4643847110471824,16308,31867,0.5117519691216619,78023,167507,0.46578948939447307
AD-58,0,2,5,2024-11-10 17:13:00,48086,98720,0.48709481361426255,0.0,0.0,,55277,112254,0.49242788675681937,7191,13534,0.5313285059849269,77696,155988,0.4980895966356386
CD-45,6,2,5,2024-11-10 19:32:00,117564,244488,0.48085795621871014,1650.0,2527.0,0.6529481598733676,132445,271018,0.48869447785755926,14881,26530,0.5609121748963437,158264,315875,0.5010336367233874
CD-13,1,2,5,2024-11-10 19:32:00,55625,114417,0.4861602733859479,0.0,0.0,,63414,130089,0.4874662730899615,7789,15672,0.4970010209290454,105554,210921,0.5004432939346959
CD-9,9,3,7,2024-11-11 17:07:00,74163,146313,0.5068790879826126,0.0,0.0,,85528,167032,0.5120455960534508,11365,20719,0.5485303344756021,130183,251357,0.5179207262976563
SD-19,10,3,7,2024-11-11 17:07:00,123971,265553,0.4668408942847567,2810.0,7868.0,0.35714285714285715,137700,296384,0.4645999784063917,13729,30831,0.4452985631345075,173291,383030,0.45242148134610866
CD-22,3,3,7,2024-11-11 17:07:00,45679,101615,0.44953008906165426,0.0,0.0,,61987,133482,0.4643847110471824,16308,31867,0.5117519691216619,78023,167507,0.46578948939447307
SD-37,11,3,7,2024-11-11 17:07:00,171458,355138,0.482792604564986,4272.0,8359.0,0.5110659169757148,197543,405929,0.48664421610675757,26085,50791,0.5135752397078223,226270,458615,0.4933767975316987
SD-5,12,3,7,2024-11-11 17:07:00,91382,182173,0.5016220845020941,13297.0,20776.0,0.6400173276857913,129324,245084,0.5276721450604691,37942,62911,0.6031059751076918,189668,358804,0.5286117211625289
CD-40,4,3,7,2024-11-11 17:07:00,130259,298774,0.43597836491796477,3149.0,6744.0,0.4669335705812574,149761,339085,0.4416621201173747,19502,40311,0.4837885440698569,171637,383635,0.447396613969007
CD-45,6,3,7,2024-11-11 17:07:00,117564,244488,0.48085795621871014,6831.0,11442.0,0.5970110120608285,139276,282460,0.49308220633009986,21712,37972,0.5717897398082797,158264,315875,0.5010336367233874
CD-49,8,3,7,2024-11-11 17:07:00,145722,285076,0.5111689514375114,11397.0,19906.0,0.5725409424294182,179184,344323,0.520395094141257,33462,59247,0.5647880905362297,197397,378347,0.5217353381948318
CD-21,2,3,7,2024-11-11 17:07:00,64986,128496,0.5057433694434068,0.0,0.0,,65967,130631,0.5049873307254786,981,2135,0.4594847775175644,102798,195531,0.5257376068244933
CD-41,5,3,7,2024-11-11 17:07:00,119833,247121,0.4849162960654902,0.0,0.0,,135741,279362,0.4858964354493453,15908,32241,0.4934090133680717,171229,354445,0.48309046537544614
CD-47,7,3,7,2024-11-11 17:07:00,137577,275770,0.4988831272437176,3653.0,6805.0,0.5368111682586334,154907,306600,0.5052413568166992,17330,30830,0.5621148232241323,181721,353275,0.5143896397990234
AD-58,0,3,7,2024-11-11 17:07:00,48086,98720,0.48709481361426255,86.0,168.0,0.5119047619047619,55363,112422,0.49245699240362206,7277,13702,0.5310903517734638,77696,155988,0.4980895966356386
CD-13,1,3,7,2024-11-11 17:07:00,55625,114417,0.4861602733859479,0.0,0.0,,63414,130089,0.4874662730899615,7789,15672,0.4970010209290454,105554,210921,0.5004432939346959
CD-40,4,4,8,2024-11-12 08:08:00,130259,298774,0.43597836491796477,222.0,405.0,0.5481481481481482,149983,339490,0.4417891543197149,19724,40716,0.48442872580803614,171637,383635,0.447396613969007
CD-49,8,4,8,2024-11-12 08:08:00,145722,285076,0.5111689514375114,0.0,0.0,,179184,344323,0.520395094141257,33462,59247,0.5647880905362297,197397,378347,0.5217353381948318
CD-41,5,4,8,2024-11-12 08:08:00,119833,247121,0.4849162960654902,9817.0,19302.0,0.5086001450626878,145558,298664,0.4873637264618434,25725,51543,0.49909784063791396,171229,354445,0.48309046537544614
CD-47,7,4,8,2024-11-12 08:08:00,137577,275770,0.4988831272437176,0.0,0.0,,154907,306600,0.5052413568166992,17330,30830,0.5621148232241323,181721,353275,0.5143896397990234
CD-9,9,4,8,2024-11-12 08:08:00,74163,146313,0.5068790879826126,15118.0,27136.0,0.5571196933962265,100646,194168,0.5183449384038564,26483,47855,0.5534008985476961,130183,251357,0.5179207262976563
CD-22,3,4,8,2024-11-12 08:08:00,45679,101615,0.44953008906165426,0.0,0.0,,61987,133482,0.4643847110471824,16308,31867,0.5117519691216619,78023,167507,0.46578948939447307
AD-58,0,4,8,2024-11-12 08:08:00,48086,98720,0.48709481361426255,3699.0,6917.0,0.534769408703195,59062,119339,0.4949094596066667,10976,20619,0.532324555022067,77696,155988,0.4980895966356386
SD-5,12,4,8,2024-11-12 08:08:00,91382,182173,0.5016220845020941,14889.0,28362.0,0.5249629786333827,144213,273446,0.527391148526583,52831,91273,0.5788239676574671,189668,358804,0.5286117211625289
CD-45,6,4,8,2024-11-12 08:08:00,117564,244488,0.48085795621871014,0.0,0.0,,139276,282460,0.49308220633009986,21712,37972,0.5717897398082797,158264,315875,0.5010336367233874
SD-37,11,4,8,2024-11-12 08:08:00,171458,355138,0.482792604564986,0.0,0.0,,197543,405929,0.48664421610675757,26085,50791,0.5135752397078223,226270,458615,0.4933767975316987
CD-21,2,4,8,2024-11-12 08:08:00,64986,128496,0.5057433694434068,0.0,0.0,,65967,130631,0.5049873307254786,981,2135,0.4594847775175644,102798,195531,0.5257376068244933
CD-13,1,4,8,2024-11-12 08:08:00,55625,114417,0.4861602733859479,994.0,1703.0,0.5836758661186142,64408,131792,0.4887094816073813,8783,17375,0.5054964028776978,105554,210921,0.5004432939346959
SD-19,10,4,8,2024-11-12 08:08:00,123971,265553,0.4668408942847567,5815.0,11632.0,0.499914030261348,143515,308016,0.46593358786556544,19544,42463,0.4602595200527518,173291,383030,0.45242148134610866
CD-13,1,5,9,2024-11-12 17:19:00,55625,114417,0.4861602733859479,9155.0,18456.0,0.49604464672735155,73563,150248,0.48961051062243754,17938,35831,0.5006279478663727,105554,210921,0.5004432939346959
SD-37,11,5,9,2024-11-12 19:20:00,171458,355138,0.482792604564986,8965.0,16508.0,0.5430700266537436,206508,422437,0.4888492248548304,35050,67299,0.5208101160492726,226270,458615,0.4933767975316987
CD-45,6,5,9,2024-11-12 17:19:00,117564,244488,0.48085795621871014,5552.0,9468.0,0.5863962822137727,144828,291928,0.4961086295250884,27264,47440,0.5747048903878583,158264,315875,0.5010336367233874
AD-58,0,5,9,2024-11-12 19:20:00,48086,98720,0.48709481361426255,7578.0,14633.0,0.5178705665277114,66640,133972,0.49741737079389725,18554,35252,0.5263247475320549,77696,155988,0.4980895966356386
CD-47,7,5,9,2024-11-12 17:19:00,137577,275770,0.4988831272437176,9465.0,16232.0,0.5831074420896993,164372,322832,0.5091564652822521,26795,47062,0.5693553185160002,181721,353275,0.5143896397990234
CD-41,5,5,9,2024-11-12 17:19:00,119833,247121,0.4849162960654902,0.0,0.0,,145558,298664,0.4873637264618434,25725,51543,0.49909784063791396,171229,354445,0.48309046537544614
CD-49,8,5,9,2024-11-12 17:19:00,145722,285076,0.5111689514375114,2507.0,4860.0,0.5158436213991769,181691,349183,0.5203317458180954,35969,64107,0.5610775734319186,197397,378347,0.5217353381948318
CD-40,4,5,9,2024-11-12 17:19:00,130259,298774,0.43597836491796477,5891.0,11899.0,0.4950836204723086,155874,351389,0.443593851828031,25615,52615,0.4868383540815357,171637,383635,0.447396613969007
SD-5,12,5,9,2024-11-12 19:20:00,91382,182173,0.5016220845020941,0.0,0.0,,144213,273446,0.527391148526583,52831,91273,0.5788239676574671,189668,358804,0.5286117211625289
SD-19,10,5,9,2024-11-12 19:20:00,123971,265553,0.4668408942847567,6378.0,15963.0,0.3995489569629769,149893,323979,0.46266270344682836,25922,58426,0.44367233765789205,173291,383030,0.45242148134610866
CD-21,2,5,9,2024-11-12 17:19:00,64986,128496,0.5057433694434068,13410.0,22584.0,0.5937832093517534,79377,153215,0.5180759064060307,14391,24719,0.5821837452971399,102798,195531,0.5257376068244933
CD-9,9,5,9,2024-11-12 17:19:00,74163,146313,0.5068790879826126,19.0,71.0,0.2676056338028169,100665,194239,0.5182532859003599,26502,47926,0.5529775069899429,130183,251357,0.5179207262976563
CD-22,3,5,9,2024-11-12 17:19:00,45679,101615,0.44953008906165426,3274.0,6586.0,0.4971150926207106,65261,140068,0.46592369420567153,19582,38453,0.5092450524016332,78023,167507,0.46578948939447307
CD-22,3,6,10,2024-11-13 10:32:00,45679,101615,0.44953008906165426,856.0,2046.0,0.41837732160312807,66117,142114,0.4652391741841057,20438,40499,0.5046544359119979,78023,167507,0.46578948939447307
SD-5,12,6,10,2024-11-13 10:32:00,91382,182173,0.5016220845020941,0.0,0.0,,144213,273446,0.527391148526583,52831,91273,0.5788239676574671,189668,358804,0.5286117211625289
CD-21,2,6,10,2024-11-13 10:32:00,64986,128496,0.5057433694434068,1145.0,2606.0,0.43937068303914045,80522,155821,0.5167596151994918,15536,27325,0.5685635864592864,102798,195531,0.5257376068244933
CD-49,8,6,10,2024-11-13 10:32:00,145722,285076,0.5111689514375114,0.0,-1.0,,181691,349182,0.5203332359629076,35969,64106,0.5610863257729386,197397,378347,0.5217353381948318
CD-41,5,6,10,2024-11-13 10:32:00,119833,247121,0.4849162960654902,7521.0,15617.0,0.48159057437407954,153079,314281,0.48707685160731956,33246,67160,0.49502680166765933,171229,354445,0.48309046537544614
CD-40,4,6,10,2024-11-13 10:32:00,130259,298774,0.43597836491796477,76.0,185.0,0.41081081081081083,155950,351574,0.44357660122762205,25691,52800,0.4865719696969697,171637,383635,0.447396613969007
CD-47,7,6,10,2024-11-13 10:32:00,137577,275770,0.4988831272437176,0.0,0.0,,164372,322832,0.5091564652822521,26795,47062,0.5693553185160002,181721,353275,0.5143896397990234
AD-58,0,6,10,2024-11-13 10:32:00,48086,98720,0.48709481361426255,0.0,0.0,,66640,133972,0.49741737079389725,18554,35252,0.5263247475320549,77696,155988,0.4980895966356386
CD-13,1,6,10,2024-11-13 10:32:00,55625,114417,0.4861602733859479,0.0,0.0,,73563,150248,0.48961051062243754,17938,35831,0.5006279478663727,105554,210921,0.5004432939346959
SD-19,10,6,10,2024-11-13 10:32:00,123971,265553,0.4668408942847567,0.0,0.0,,149893,323979,0.46266270344682836,25922,58426,0.44367233765789205,173291,383030,0.45242148134610866
SD-37,11,6,10,2024-11-13 10:32:00,171458,355138,0.482792604564986,0.0,0.0,,206508,422437,0.4888492248548304,35050,67299,0.5208101160492726,226270,458615,0.4933767975316987
CD-45,6,6,10,2024-11-13 10:32:00,117564,244488,0.48085795621871014,0.0,0.0,,144828,291928,0.4961086295250884,27264,47440,0.5747048903878583,158264,315875,0.5010336367233874
CD-9,9,6,10,2024-11-13 10:32:00,74163,146313,0.5068790879826126,0.0,0.0,,100665,194239,0.5182532859003599,26502,47926,0.5529775069899429,130183,251357,0.5179207262976563
SD-5,12,7,11,2024-11-14 03:14:00,91382,182173,0.5016220845020941,15556.0,31931.0,0.48717547211174095,159769,305377,0.5231860945650786,68387,123204,0.5550712639200026,189668,358804,0.5286117211625289
SD-37,11,7,11,2024-11-14 03:14:00,171458,355138,0.482792604564986,9504.0,17203.0,0.5524617799221067,216012,439640,0.49133836775543627,44554,84502,0.5272537928096377,226270,458615,0.4933767975316987
CD-21,2,7,11,2024-11-14 03:14:00,64986,128496,0.5057433694434068,912.0,1860.0,0.49032258064516127,81434,157681,0.5164477647909387,16448,29185,0.5635771800582491,102798,195531,0.5257376068244933
CD-22,3,7,11,2024-11-14 03:14:00,45679,101615,0.44953008906165426,7090.0,14456.0,0.49045379081350304,73207,156570,0.4675672223286709,27528,54955,0.5009189336730052,78023,167507,0.46578948939447307
CD-49,8,7,11,2024-11-14 03:14:00,145722,285076,0.5111689514375114,8119.0,14453.0,0.5617518854217117,189810,363635,0.5219794574229654,44088,78559,0.5612087730240966,197397,378347,0.5217353381948318
SD-19,10,7,11,2024-11-14 03:14:00,123971,265553,0.4668408942847567,5964.0,15000.0,0.3976,155857,338979,0.4597836444145508,31886,73426,0.43426034374744643,173291,383030,0.45242148134610866
CD-41,5,7,11,2024-11-14 03:14:00,119833,247121,0.4849162960654902,9497.0,20937.0,0.45359889191383673,162576,335218,0.4849858897791885,42743,88097,0.485181107188667,171229,354445,0.48309046537544614
CD-40,4,7,11,2024-11-14 03:14:00,130259,298774,0.43597836491796477,7092.0,14079.0,0.5037289580225869,163042,365653,0.4458926906110438,32783,66879,0.49018376470940056,171637,383635,0.447396613969007
CD-45,6,7,11,2024-11-14 03:14:00,117564,244488,0.48085795621871014,6218.0,10513.0,0.5914581946161894,151046,302441,0.4994230279624786,33482,57953,0.5777440339585527,158264,315875,0.5010336367233874
CD-47,7,7,11,2024-11-14 03:14:00,137577,275770,0.4988831272437176,8697.0,14548.0,0.5978141325268078,173069,337380,0.5129794297231608,35492,61610,0.5760753124492777,181721,353275,0.5143896397990234
CD-9,9,7,11,2024-11-14 03:14:00,74163,146313,0.5068790879826126,16406.0,31778.0,0.5162691169991819,117071,226017,0.5179743116668215,42908,79704,0.5383418649001305,130183,251357,0.5179207262976563
AD-58,0,7,11,2024-11-14 03:14:00,48086,98720,0.48709481361426255,5895.0,11665.0,0.5053579082726104,72535,145637,0.49805337929235016,24449,46917,0.5211117505381845,77696,155988,0.4980895966356386
CD-13,1,7,11,2024-11-14 03:14:00,55625,114417,0.4861602733859479,3064.0,6771.0,0.45251809186235414,76627,157019,0.4880110050376069,21002,42602,0.4929815501619642,105554,210921,0.5004432939346959
CD-45,6,8,12,2024-11-14 18:06:00,117564,244488,0.48085795621871014,739.0,1365.0,0.5413919413919414,151785,303806,0.4996115942410617,34221,59318,0.5769075154253346,158264,315875,0.5010336367233874
SD-37,11,8,12,2024-11-14 18:06:00,171458,355138,0.482792604564986,910.0,1709.0,0.5324751316559392,216922,441349,0.49149765831575465,45464,86211,0.5273572977926251,226270,458615,0.4933767975316987
AD-58,0,8,12,2024-11-14 18:06:00,48086,98720,0.48709481361426255,791.0,1550.0,0.5103225806451613,73326,147187,0.49818258405973354,25240,48467,0.5207667072441042,77696,155988,0.4980895966356386
CD-22,3,8,12,2024-11-14 18:06:00,45679,101615,0.44953008906165426,973.0,2425.0,0.40123711340206186,74180,158995,0.4665555520613856,28501,57380,0.49670616939700246,78023,167507,0.46578948939447307
CD-41,5,8,12,2024-11-14 18:06:00,119833,247121,0.4849162960654902,2078.0,4573.0,0.45440629783511916,164654,339791,0.48457434128626126,44821,92670,0.4836624581849574,171229,354445,0.48309046537544614
CD-47,7,8,12,2024-11-14 18:06:00,137577,275770,0.4988831272437176,831.0,1576.0,0.5272842639593909,173900,338956,0.513045941066097,36323,63186,0.5748583546988257,181721,353275,0.5143896397990234
CD-49,8,8,12,2024-11-14 18:06:00,145722,285076,0.5111689514375114,232.0,479.0,0.48434237995824636,190042,364114,0.5219299450172199,44320,79038,0.5607429337786888,197397,378347,0.5217353381948318
CD-13,1,8,12,2024-11-14 18:06:00,55625,114417,0.4861602733859479,10924.0,19847.0,0.5504106414067618,87551,176866,0.4950131738152047,31926,62449,0.5112331662636711,105554,210921,0.5004432939346959
SD-5,12,8,12,2024-11-14 18:06:00,91382,182173,0.5016220845020941,0.0,0.0,,159769,305377,0.5231860945650786,68387,123204,0.5550712639200026,189668,358804,0.5286117211625289
SD-19,10,8,12,2024-11-14 18:06:00,123971,265553,0.4668408942847567,3724.0,9317.0,0.39969947407963935,159581,348296,0.4581763787123596,35610,82743,0.43036873209818355,173291,383030,0.45242148134610866
CD-21,2,8,12,2024-11-14 18:06:00,64986,128496,0.5057433694434068,1199.0,2846.0,0.421293042867182,82633,160527,0.5147607567574302,17647,32031,0.5509350316880522,102798,195531,0.5257376068244933
CD-9,9,8,12,2024-11-14 18:06:00,74163,146313,0.5068790879826126,19.0,64.0,0.296875,117090,226081,0.5179117219049809,42927,79768,0.5381481295757697,130183,251357,0.5179207262976563
CD-40,4,8,12,2024-11-14 18:06:00,130259,298774,0.43597836491796477,1106.0,2291.0,0.4827586206896552,164148,367944,0.4461222359924336,33889,69170,0.48993783432123755,171637,383635,0.447396613969007
CD-9,9,9,13,2024-11-15 19:08:00,74163,146313,0.5068790879826126,6463.0,12052.0,0.5362595419847328,123553,238133,0.5188403119265285,49390,91820,0.5379002395992158,130183,251357,0.5179207262976563
CD-13,1,9,13,2024-11-15 19:06:00,55625,114417,0.4861602733859479,517.0,1192.0,0.4337248322147651,88068,178058,0.49460288220692133,32443,63641,0.5097814302100847,105554,210921,0.5004432939346959
CD-45,6,9,13,2024-11-15 19:06:00,117564,244488,0.48085795621871014,572.0,966.0,0.5921325051759835,152357,304772,0.49990484690194636,34793,60284,0.5771514829805587,158264,315875,0.5010336367233874
CD-49,8,9,13,2024-11-15 19:06:00,145722,285076,0.5111689514375114,2270.0,3624.0,0.6263796909492274,192312,367738,0.5229592807923032,46590,82662,0.5636205269652319,197397,378347,0.5217353381948318
SD-19,10,9,13,2024-11-15 19:06:00,123971,265553,0.4668408942847567,3211.0,7739.0,0.4149114872722574,162792,356035,0.4572359459041948,38821,90482,0.42904666121438517,173291,383030,0.45242148134610866
CD-21,2,9,13,2024-11-15 19:06:00,64986,128496,0.5057433694434068,892.0,2075.0,0.42987951807228914,83525,162602,0.5136775685415923,18539,34106,0.5435700463261596,102798,195531,0.5257376068244933
CD-41,5,9,13,2024-11-15 19:06:00,119833,247121,0.4849162960654902,382.0,780.0,0.4897435897435897,165036,340571,0.4845861802678443,45203,93450,0.483713215623328,171229,354445,0.48309046537544614
SD-37,11,9,13,2024-11-15 19:06:00,171458,355138,0.482792604564986,571.0,1005.0,0.5681592039800994,217493,442354,0.4916718284450915,46035,87216,0.527827462850853,226270,458615,0.4933767975316987
CD-47,7,9,13,2024-11-15 19:06:00,137577,275770,0.4988831272437176,433.0,714.0,0.6064425770308123,174333,339670,0.5132422645508876,36756,63900,0.5752112676056338,181721,353275,0.5143896397990234
SD-5,12,9,13,2024-11-15 19:06:00,91382,182173,0.5016220845020941,22250.0,38094.0,0.584081482648186,182019,343471,0.5299399367049911,90637,161298,0.5619226524817419,189668,358804,0.5286117211625289
CD-40,4,9,13,2024-11-15 19:06:00,130259,298774,0.43597836491796477,1557.0,3116.0,0.4996790757381258,165705,371060,0.4465719829677141,35446,72286,0.4903577456215588,171637,383635,0.447396613969007
CD-22,3,9,13,2024-11-15 19:06:00,45679,101615,0.44953008906165426,1030.0,2227.0,0.4625056129321958,75210,161222,0.4664996092344717,29531,59607,0.49542838928313787,78023,167507,0.46578948939447307
AD-58,0,9,13,2024-11-15 19:06:00,48086,98720,0.48709481361426255,394.0,762.0,0.5170603674540682,73720,147949,0.4982798126381388,25634,49229,0.520709337991834,77696,155988,0.4980895966356386
CD-40,4,10,14,2024-11-16 17:52:00,130259,298774,0.43597836491796477,1083.0,2217.0,0.4884979702300406,166788,373277,0.44682099352491583,36529,74503,0.4903024039300431,171637,383635,0.447396613969007
CD-9,9,10,14,2024-11-16 17:52:00,74163,146313,0.5068790879826126,0.0,0.0,,123553,238133,0.5188403119265285,49390,91820,0.5379002395992158,130183,251357,0.5179207262976563
SD-5,12,10,14,2024-11-16 17:52:00,91382,182173,0.5016220845020941,0.0,0.0,,182019,343471,0.5299399367049911,90637,161298,0.5619226524817419,189668,358804,0.5286117211625289
CD-49,8,10,14,2024-11-16 17:52:00,145722,285076,0.5111689514375114,201.0,431.0,0.46635730858468677,192513,368169,0.5228930192384476,46791,83093,0.5631160266207743,197397,378347,0.5217353381948318
AD-58,0,10,14,2024-11-16 17:52:00,48086,98720,0.48709481361426255,96.0,159.0,0.6037735849056604,73816,148108,0.49839306452048504,25730,49388,0.5209767554871628,77696,155988,0.4980895966356386
CD-45,6,10,14,2024-11-16 17:52:00,117564,244488,0.48085795621871014,624.0,1154.0,0.5407279029462738,152981,305926,0.5000588377581506,35417,61438,0.5764673329209935,158264,315875,0.5010336367233874
SD-19,10,10,14,2024-11-16 17:52:00,123971,265553,0.4668408942847567,1866.0,4869.0,0.38324091189155884,164658,360904,0.4562376698512624,40687,95351,0.4267076380950383,173291,383030,0.45242148134610866
CD-13,1,10,14,2024-11-16 17:52:00,55625,114417,0.4861602733859479,0.0,0.0,,88068,178058,0.49460288220692133,32443,63641,0.5097814302100847,105554,210921,0.5004432939346959
SD-37,11,10,14,2024-11-16 17:52:00,171458,355138,0.482792604564986,1024.0,1796.0,0.5701559020044543,218517,444150,0.49198919284025666,47059,89012,0.5286815260863704,226270,458615,0.4933767975316987
CD-22,3,10,14,2024-11-16 17:52:00,45679,101615,0.44953008906165426,0.0,0.0,,75210,161222,0.4664996092344717,29531,59607,0.49542838928313787,78023,167507,0.46578948939447307
CD-41,5,10,14,2024-11-16 17:52:00,119833,247121,0.4849162960654902,176.0,375.0,0.4693333333333333,165212,340946,0.48456940395253206,45379,93825,0.48365574207300827,171229,354445,0.48309046537544614
CD-21,2,10,14,2024-11-16 17:52:00,64986,128496,0.5057433694434068,0.0,0.0,,83525,162602,0.5136775685415923,18539,34106,0.5435700463261596,102798,195531,0.5257376068244933
CD-47,7,10,14,2024-11-16 17:52:00,137577,275770,0.4988831272437176,883.0,1505.0,0.5867109634551495,175216,341175,0.5135663515791017,37639,65405,0.5754758810488495,181721,353275,0.5143896397990234
SD-5,12,11,15,2024-11-18 09:30:00,91382,182173,0.5016220845020941,0.0,0.0,,182019,343471,0.5299399367049911,90637,161298,0.5619226524817419,189668,358804,0.5286117211625289
CD-49,8,11,15,2024-11-18 09:30:00,145722,285076,0.5111689514375114,0.0,0.0,,192513,368169,0.5228930192384476,46791,83093,0.5631160266207743,197397,378347,0.5217353381948318
SD-37,11,11,15,2024-11-18 09:30:00,171458,355138,0.482792604564986,0.0,0.0,,218517,444150,0.49198919284025666,47059,89012,0.5286815260863704,226270,458615,0.4933767975316987
CD-9,9,11,15,2024-11-18 09:30:00,74163,146313,0.5068790879826126,0.0,0.0,,123553,238133,0.5188403119265285,49390,91820,0.5379002395992158,130183,251357,0.5179207262976563
SD-19,10,11,15,2024-11-18 09:30:00,123971,265553,0.4668408942847567,0.0,0.0,,164658,360904,0.4562376698512624,40687,95351,0.4267076380950383,173291,383030,0.45242148134610866
CD-47,7,11,15,2024-11-18 09:30:00,137577,275770,0.4988831272437176,0.0,0.0,,175216,341175,0.5135663515791017,37639,65405,0.5754758810488495,181721,353275,0.5143896397990234
CD-45,6,11,15,2024-11-18 09:30:00,117564,244488,0.48085795621871014,0.0,0.0,,152981,305926,0.5000588377581506,35417,61438,0.5764673329209935,158264,315875,0.5010336367233874
CD-13,1,11,15,2024-11-18 09:30:00,55625,114417,0.4861602733859479,834.0,1750.0,0.4765714285714286,88902,179808,0.4944273892151628,33277,65391,0.5088926610695661,105554,210921,0.5004432939346959
CD-22,3,11,15,2024-11-18 09:30:00,45679,101615,0.44953008906165426,0.0,0.0,,75210,161222,0.4664996092344717,29531,59607,0.49542838928313787,78023,167507,0.46578948939447307
CD-21,2,11,15,2024-11-18 09:30:00,64986,128496,0.5057433694434068,11199.0,18517.0,0.6047955932386456,94724,181119,0.5229931702361431,29738,52623,0.5651141136005169,102798,195531,0.5257376068244933
CD-41,5,11,15,2024-11-18 09:30:00,119833,247121,0.4849162960654902,0.0,0.0,,165212,340946,0.48456940395253206,45379,93825,0.48365574207300827,171229,354445,0.48309046537544614
AD-58,0,11,15,2024-11-18 09:30:00,48086,98720,0.48709481361426255,0.0,0.0,,73816,148108,0.49839306452048504,25730,49388,0.5209767554871628,77696,155988,0.4980895966356386
CD-40,4,11,15,2024-11-18 09:30:00,130259,298774,0.43597836491796477,0.0,0.0,,166788,373277,0.44682099352491583,36529,74503,0.4903024039300431,171637,383635,0.447396613969007
SD-19,10,12,16,2024-11-18 18:44:00,123971,265553,0.4668408942847567,2955.0,8517.0,0.3469531525184924,167613,369421,0.453718115645835,43642,103868,0.4201679054184157,173291,383030,0.45242148134610866
CD-9,9,12,16,2024-11-18 18:44:00,74163,146313,0.5068790879826126,103.0,207.0,0.4975845410628019,123656,238340,0.5188218511370312,49493,92027,0.5378095558912058,130183,251357,0.5179207262976563
CD-13,1,12,16,2024-11-18 18:44:00,55625,114417,0.4861602733859479,398.0,1073.0,0.37092264678471576,89300,180881,0.49369474958674486,33675,66464,0.5066652623976889,105554,210921,0.5004432939346959
AD-58,0,12,16,2024-11-18 18:44:00,48086,98720,0.48709481361426255,305.0,630.0,0.48412698412698413,74121,148738,0.4983326385994164,26035,50018,0.520512615458435,77696,155988,0.4980895966356386
SD-37,11,12,16,2024-11-18 18:44:00,171458,355138,0.482792604564986,1202.0,2235.0,0.537807606263982,219719,446385,0.4922186005354123,48261,91247,0.52890505989238,226270,458615,0.4933767975316987
CD-47,7,12,16,2024-11-18 18:44:00,137577,275770,0.4988831272437176,1026.0,1852.0,0.5539956803455723,176242,343027,0.5137846291982847,38665,67257,0.5748843986499547,181721,353275,0.5143896397990234
SD-5,12,12,16,2024-11-18 18:44:00,91382,182173,0.5016220845020941,94.0,199.0,0.4723618090452261,182113,343670,0.5299065964442634,90731,161497,0.5618122937268184,189668,358804,0.5286117211625289
CD-45,6,12,16,2024-11-18 18:44:00,117564,244488,0.48085795621871014,843.0,1620.0,0.5203703703703704,153824,307546,0.500165828851619,36260,63058,0.5750261663865013,158264,315875,0.5010336367233874
CD-21,2,12,16,2024-11-18 18:44:00,64986,128496,0.5057433694434068,3861.0,6921.0,0.5578673602080624,98585,188040,0.5242767496277387,33599,59544,0.5642717990057773,102798,195531,0.5257376068244933
CD-40,4,12,16,2024-11-18 18:44:00,130259,298774,0.43597836491796477,1101.0,2418.0,0.45533498759305213,167889,375695,0.4468757902021587,37630,76921,0.4892032084866291,171637,383635,0.447396613969007
CD-41,5,12,16,2024-11-18 18:44:00,119833,247121,0.4849162960654902,463.0,996.0,0.464859437751004,165675,341942,0.4845119932620152,45842,94821,0.4834583056495924,171229,354445,0.48309046537544614
CD-49,8,12,16,2024-11-18 18:44:00,145722,285076,0.5111689514375114,206.0,517.0,0.3984526112185687,192719,368686,0.5227185192819906,46997,83610,0.5620978351871786,197397,378347,0.5217353381948318
CD-22,3,12,16,2024-11-18 18:44:00,45679,101615,0.44953008906165426,702.0,1589.0,0.4417872876022656,75912,162811,0.4662584223424707,30233,61196,0.49403555787959996,78023,167507,0.46578948939447307
CD-9,9,13,17,2024-11-19 18:03:00,74163,146313,0.5068790879826126,22.0,128.0,0.171875,123678,238468,0.5186356240669607,49515,92155,0.537301285877055,130183,251357,0.5179207262976563
CD-47,7,13,17,2024-11-19 18:02:00,137577,275770,0.4988831272437176,1676.0,3112.0,0.538560411311054,177918,346139,0.5140073785386795,40341,70369,0.5732780059401157,181721,353275,0.5143896397990234
AD-58,0,13,17,2024-11-19 18:02:00,48086,98720,0.48709481361426255,681.0,1354.0,0.5029542097488922,74802,150092,0.49837433041068147,26716,51372,0.5200498325936308,77696,155988,0.4980895966356386
SD-5,12,13,17,2024-11-19 18:02:00,91382,182173,0.5016220845020941,0.0,0.0,,182113,343670,0.5299065964442634,90731,161497,0.5618122937268184,189668,358804,0.5286117211625289
CD-21,2,13,17,2024-11-19 18:03:00,64986,128496,0.5057433694434068,0.0,0.0,,98585,188040,0.5242767496277387,33599,59544,0.5642717990057773,102798,195531,0.5257376068244933
SD-19,10,13,17,2024-11-19 18:02:00,123971,265553,0.4668408942847567,837.0,1941.0,0.4312210200927357,168450,371362,0.4536005299411356,44479,105809,0.4203706679015963,173291,383030,0.45242148134610866
CD-41,5,13,17,2024-11-19 18:03:00,119833,247121,0.4849162960654902,715.0,1654.0,0.4322853688029021,166390,343596,0.48426058510576375,46557,96475,0.48258097952837525,171229,354445,0.48309046537544614
CD-49,8,13,17,2024-11-19 18:02:00,145722,285076,0.5111689514375114,395.0,952.0,0.41491596638655465,193114,369638,0.5224408745854052,47392,84562,0.5604408599607389,197397,378347,0.5217353381948318
CD-22,3,13,17,2024-11-19 18:03:00,45679,101615,0.44953008906165426,177.0,379.0,0.46701846965699206,76089,163190,0.4662601875114897,30410,61575,0.4938692651238327,78023,167507,0.46578948939447307
CD-13,1,13,17,2024-11-19 18:03:00,55625,114417,0.4861602733859479,11358.0,20662.0,0.5497047720453005,100658,201543,0.49943684474280925,45033,87126,0.5168721162454376,105554,210921,0.5004432939346959
CD-40,4,13,17,2024-11-19 18:03:00,130259,298774,0.43597836491796477,1077.0,2271.0,0.47424042272126815,168966,377966,0.44704020996597577,38707,79192,0.48877411859783815,171637,383635,0.447396613969007
SD-37,11,13,17,2024-11-19 18:02:00,171458,355138,0.482792604564986,2072.0,3811.0,0.5436893203883495,221791,450196,0.4926543105669531,50333,95058,0.5294977803025521,226270,458615,0.4933767975316987
CD-45,6,13,17,2024-11-19 18:02:00,117564,244488,0.48085795621871014,1266.0,2320.0,0.5456896551724137,155090,309866,0.5005066706253671,37526,65378,0.5739851326134173,158264,315875,0.5010336367233874
CD-9,9,14,18,2024-11-20 17:52:00,74163,146313,0.5068790879826126,651.0,1173.0,0.5549872122762148,124329,239641,0.5188135586147612,50166,93328,0.5375235727755872,130183,251357,0.5179207262976563
AD-58,0,14,18,2024-11-20 17:52:00,48086,98720,0.48709481361426255,764.0,1519.0,0.5029624753127058,75566,151611,0.498420299318651,27480,52891,0.5195590932294719,77696,155988,0.4980895966356386
CD-21,2,14,18,2024-11-20 17:52:00,64986,128496,0.5057433694434068,94.0,271.0,0.34686346863468637,98679,188311,0.5240214326300641,33693,59815,0.5632868009696564,102798,195531,0.5257376068244933
SD-5,12,14,18,2024-11-20 17:52:00,91382,182173,0.5016220845020941,1899.0,3001.0,0.6327890703098967,184012,346671,0.5307972111887063,92630,164498,0.5631071502389087,189668,358804,0.5286117211625289
SD-37,11,14,18,2024-11-20 17:52:00,171458,355138,0.482792604564986,1250.0,2271.0,0.5504183179216204,223041,452467,0.4929442368172707,51583,97329,0.5299859240308644,226270,458615,0.4933767975316987
CD-47,7,14,18,2024-11-20 17:52:00,137577,275770,0.4988831272437176,1085.0,2031.0,0.534219596258001,179003,348170,0.514125283625815,41426,72400,0.5721823204419889,181721,353275,0.5143896397990234
CD-45,6,14,18,2024-11-20 17:52:00,117564,244488,0.48085795621871014,772.0,1461.0,0.5284052019164955,155862,311327,0.5006375932700986,38298,66839,0.5729888238902437,158264,315875,0.5010336367233874
CD-40,4,14,18,2024-11-20 17:52:00,130259,298774,0.43597836491796477,714.0,1398.0,0.5107296137339056,169680,379364,0.44727491274870573,39421,80590,0.48915498200769325,171637,383635,0.447396613969007
CD-22,3,14,18,2024-11-20 17:52:00,45679,101615,0.44953008906165426,233.0,513.0,0.45419103313840153,76322,163703,0.4662223661142435,30643,62088,0.4935414250740884,78023,167507,0.46578948939447307
CD-13,1,14,18,2024-11-20 17:52:00,55625,114417,0.4861602733859479,208.0,540.0,0.3851851851851852,100866,202083,0.49913154495924944,45241,87666,0.5160609586384687,105554,210921,0.5004432939346959
CD-49,8,14,18,2024-11-20 17:52:00,145722,285076,0.5111689514375114,243.0,578.0,0.4204152249134948,193357,370216,0.5222815869654472,47635,85140,0.5594902513507165,197397,378347,0.5217353381948318
CD-41,5,14,18,2024-11-20 17:52:00,119833,247121,0.4849162960654902,1353.0,3132.0,0.43199233716475094,167743,346728,0.4837884451212478,47910,99607,0.4809902918469586,171229,354445,0.48309046537544614
SD-19,10,14,18,2024-11-20 17:52:00,123971,265553,0.4668408942847567,677.0,1548.0,0.43733850129198965,169127,372910,0.4535330240540613,45156,107357,0.42061533016012,173291,383030,0.45242148134610866
CD-40,4,15,19,2024-11-21 18:41:00,130259,298774,0.43597836491796477,458.0,939.0,0.48775292864749736,170138,380303,0.4473748563645304,39879,81529,0.4891388340345153,171637,383635,0.447396613969007
CD-9,9,15,19,2024-11-21 18:41:00,74163,146313,0.5068790879826126,3.0,8.0,0.375,124332,239649,0.5188087578082946,50169,93336,0.5375096425816406,130183,251357,0.5179207262976563
CD-47,7,15,19,2024-11-21 18:41:00,137577,275770,0.4988831272437176,695.0,1246.0,0.557784911717496,179698,349416,0.5142809716784578,42121,73646,0.5719387339434593,181721,353275,0.5143896397990234
AD-58,0,15,19,2024-11-21 18:41:00,48086,98720,0.48709481361426255,605.0,1235.0,0.4898785425101215,76171,152846,0.4983512816822161,28085,54126,0.5188818682333813,77696,155988,0.4980895966356386
CD-49,8,15,19,2024-11-21 18:41:00,145722,285076,0.5111689514375114,2699.0,5224.0,0.5166539050535988,196056,375440,0.5222032814830598,50334,90364,0.5570138550750299,197397,378347,0.5217353381948318
CD-41,5,15,19,2024-11-21 18:41:00,119833,247121,0.4849162960654902,1327.0,2832.0,0.4685734463276836,169070,349560,0.48366517908227485,49237,102439,0.48064701920167124,171229,354445,0.48309046537544614
SD-19,10,15,19,2024-11-21 18:41:00,123971,265553,0.4668408942847567,939.0,2025.0,0.46370370370370373,170066,374935,0.4535879552455759,46095,109382,0.42141302956610777,173291,383030,0.45242148134610866
CD-13,1,15,19,2024-11-21 18:41:00,55625,114417,0.4861602733859479,746.0,1335.0,0.5588014981273408,101612,203418,0.4995231493771446,45987,89001,0.516702059527421,105554,210921,0.5004432939346959
CD-45,6,15,19,2024-11-21 18:45:00,117564,244488,0.48085795621871014,714.0,1345.0,0.5308550185873606,156576,312672,0.5007675775253301,39012,68184,0.5721576909538895,158264,315875,0.5010336367233874
SD-37,11,15,19,2024-11-21 18:41:00,171458,355138,0.482792604564986,883.0,1588.0,0.5560453400503779,223924,454055,0.4931649249540254,52466,98917,0.5304042783343611,226270,458615,0.4933767975316987
CD-22,3,15,19,2024-11-21 18:41:00,45679,101615,0.44953008906165426,172.0,415.0,0.41445783132530123,76494,164118,0.4660914707710306,30815,62503,0.49301633521590965,78023,167507,0.46578948939447307
CD-21,2,15,19,2024-11-21 18:41:00,64986,128496,0.5057433694434068,82.0,187.0,0.4385026737967914,98761,188498,0.5239365934917082,33775,60002,0.5628979034032199,102798,195531,0.5257376068244933
SD-5,12,15,19,2024-11-21 18:41:00,91382,182173,0.5016220845020941,0.0,0.0,,184012,346671,0.5307972111887063,92630,164498,0.5631071502389087,189668,358804,0.5286117211625289
CD-49,8,16,20,2024-11-22 20:02:00,145722,285076,0.5111689514375114,126.0,282.0,0.44680851063829785,196182,375722,0.5221466935659876,50460,90646,0.5566710058910487,197397,378347,0.5217353381948318
CD-47,7,16,20,2024-11-22 20:02:00,137577,275770,0.4988831272437176,680.0,1285.0,0.5291828793774319,180378,350701,0.5143355736082874,42801,74931,0.5712055090683429,181721,353275,0.5143896397990234
CD-40,4,16,20,2024-11-22 20:02:00,130259,298774,0.43597836491796477,369.0,876.0,0.4212328767123288,170507,381179,0.4473147786210678,40248,82405,0.4884169649899885,171637,383635,0.447396613969007
SD-37,11,16,20,2024-11-22 20:02:00,171458,355138,0.482792604564986,768.0,1457.0,0.5271105010295127,224692,455512,0.49327350322274716,53234,100374,0.5303564668141152,226270,458615,0.4933767975316987
CD-45,6,16,20,2024-11-22 20:02:00,117564,244488,0.48085795621871014,499.0,959.0,0.5203336809176226,157075,313631,0.5008274054541803,39511,69143,0.5714389019857397,158264,315875,0.5010336367233874
CD-13,1,16,20,2024-11-22 20:02:00,55625,114417,0.4861602733859479,339.0,687.0,0.49344978165938863,101951,204105,0.4995027069400554,46326,89688,0.5165239496922666,105554,210921,0.5004432939346959
SD-5,12,16,20,2024-11-22 20:02:00,91382,182173,0.5016220845020941,503.0,1075.0,0.467906976744186,184515,347746,0.5306027962938467,93133,165573,0.562489053166881,189668,358804,0.5286117211625289
SD-19,10,16,20,2024-11-22 20:02:00,123971,265553,0.4668408942847567,954.0,2291.0,0.41641204714098645,171020,377226,0.45336217545980395,47049,111673,0.42131043313961297,173291,383030,0.45242148134610866
CD-22,3,16,20,2024-11-22 20:02:00,45679,101615,0.44953008906165426,900.0,2023.0,0.4448838358872961,77394,166141,0.46583323803275534,31715,64526,0.4915072993831944,78023,167507,0.46578948939447307
AD-58,0,16,20,2024-11-22 20:02:00,48086,98720,0.48709481361426255,531.0,1160.0,0.45775862068965517,76702,154006,0.49804553069360935,28616,55286,0.5175993922512029,77696,155988,0.4980895966356386
CD-21,2,16,20,2024-11-22 20:02:00,64986,128496,0.5057433694434068,1176.0,1880.0,0.625531914893617,99937,190378,0.5249398564960237,34951,61882,0.5648007498141624,102798,195531,0.5257376068244933
CD-9,9,16,20,2024-11-22 20:02:00,74163,146313,0.5068790879826126,553.0,1188.0,0.4654882154882155,124885,240837,0.5185457384039828,50722,94524,0.5366044602429013,130183,251357,0.5179207262976563
CD-41,5,16,20,2024-11-22 20:02:00,119833,247121,0.4849162960654902,792.0,1800.0,0.44,169862,351360,0.4834414845173042,50029,104239,0.4799451261044331,171229,354445,0.48309046537544614
AD-58,0,17,21,2024-11-23 17:53:00,48086,98720,0.48709481361426255,86.0,148.0,0.581081081081081,76788,154154,0.49812525137200464,28702,55434,0.5177688783057329,77696,155988,0.4980895966356386
CD-13,1,17,21,2024-11-23 17:53:00,55625,114417,0.4861602733859479,395.0,791.0,0.4993678887484197,102346,204896,0.4995021864750898,46721,90479,0.5163739652295007,105554,210921,0.5004432939346959
CD-21,2,17,21,2024-11-23 17:53:00,64986,128496,0.5057433694434068,0.0,0.0,,99937,190378,0.5249398564960237,34951,61882,0.5648007498141624,102798,195531,0.5257376068244933
CD-9,9,17,21,2024-11-23 17:53:00,74163,146313,0.5068790879826126,0.0,0.0,,124885,240837,0.5185457384039828,50722,94524,0.5366044602429013,130183,251357,0.5179207262976563
SD-37,11,17,21,2024-11-23 17:53:00,171458,355138,0.482792604564986,539.0,1077.0,0.500464252553389,225231,456589,0.49329046472867283,53773,101451,0.5300391321918956,226270,458615,0.4933767975316987
SD-19,10,17,21,2024-11-23 17:53:00,123971,265553,0.4668408942847567,173.0,434.0,0.3986175115207373,171193,377660,0.4532992638881534,47222,112107,0.4212225819975559,173291,383030,0.45242148134610866
CD-22,3,17,21,2024-11-23 17:53:00,45679,101615,0.44953008906165426,0.0,0.0,,77394,166141,0.46583323803275534,31715,64526,0.4915072993831944,78023,167507,0.46578948939447307
CD-49,8,17,21,2024-11-23 17:53:00,145722,285076,0.5111689514375114,241.0,533.0,0.4521575984990619,196423,376255,0.5220475475408964,50701,91179,0.5560600576887221,197397,378347,0.5217353381948318
CD-47,7,17,21,2024-11-23 17:53:00,137577,275770,0.4988831272437176,550.0,1034.0,0.5319148936170213,180928,351735,0.5143872517662444,43351,75965,0.5706707036135062,181721,353275,0.5143896397990234
CD-40,4,17,21,2024-11-23 17:53:00,130259,298774,0.43597836491796477,295.0,615.0,0.4796747967479675,170802,381794,0.4473669046658669,40543,83020,0.48835220428812337,171637,383635,0.447396613969007
SD-5,12,17,21,2024-11-23 17:53:00,91382,182173,0.5016220845020941,0.0,0.0,,184515,347746,0.5306027962938467,93133,165573,0.562489053166881,189668,358804,0.5286117211625289
CD-41,5,17,21,2024-11-23 17:53:00,119833,247121,0.4849162960654902,74.0,176.0,0.42045454545454547,169936,351536,0.4834099494788585,50103,104415,0.4798448498778911,171229,354445,0.48309046537544614
CD-45,6,17,21,2024-11-23 17:53:00,117564,244488,0.48085795621871014,352.0,678.0,0.5191740412979351,157427,314309,0.5008669812191188,39863,69821,0.5709313816760001,158264,315875,0.5010336367233874
SD-37,11,18,22,2024-11-25 17:56:00,171458,355138,0.482792604564986,188.0,396.0,0.47474747474747475,225419,456985,0.4932743963149775,53961,101847,0.5298241479866859,226270,458615,0.4933767975316987
CD-45,6,18,22,2024-11-25 17:56:00,117564,244488,0.48085795621871014,195.0,354.0,0.5508474576271186,157622,314663,0.5009232099102849,40058,70175,0.5708300676879231,158264,315875,0.5010336367233874
CD-13,1,18,22,2024-11-25 18:56:00,55625,114417,0.4861602733859479,100.0,203.0,0.49261083743842365,102446,205099,0.4994953656526848,46821,90682,0.5163207692816656,105554,210921,0.5004432939346959
CD-49,8,18,22,2024-11-25 17:56:00,145722,285076,0.5111689514375114,50.0,108.0,0.46296296296296297,196473,376363,0.5220305928053501,50751,91287,0.5559499161983634,197397,378347,0.5217353381948318
CD-41,5,18,22,2024-11-25 17:56:00,119833,247121,0.4849162960654902,375.0,816.0,0.45955882352941174,170311,352352,0.48335471346834985,50478,105231,0.47968754454485846,171229,354445,0.48309046537544614
CD-47,7,18,22,2024-11-25 17:56:00,137577,275770,0.4988831272437176,157.0,312.0,0.5032051282051282,181085,352047,0.5143773416617667,43508,76277,0.5703947454671788,181721,353275,0.5143896397990234
AD-58,0,18,22,2024-11-25 17:56:00,48086,98720,0.48709481361426255,286.0,562.0,0.5088967971530249,77074,154716,0.49816437860337653,28988,55996,0.5176798342738768,77696,155988,0.4980895966356386
CD-21,2,18,22,2024-11-25 18:56:00,64986,128496,0.5057433694434068,13.0,40.0,0.325,99950,190418,0.5248978562950981,34964,61922,0.5646458447724557,102798,195531,0.5257376068244933
SD-5,12,18,22,2024-11-25 17:56:00,91382,182173,0.5016220845020941,891.0,2033.0,0.4382685686178062,185406,349779,0.530066127469059,94024,167606,0.5609823037361431,189668,358804,0.5286117211625289
CD-40,4,18,22,2024-11-25 17:56:00,130259,298774,0.43597836491796477,204.0,542.0,0.3763837638376384,171006,382336,0.44726627887512554,40747,83562,0.48762595438117806,171637,383635,0.447396613969007
SD-19,10,18,22,2024-11-25 17:56:00,123971,265553,0.4668408942847567,1200.0,3214.0,0.37336652146857496,172393,380874,0.4526247525428357,48422,115321,0.4198888320427329,173291,383030,0.45242148134610866
CD-22,3,18,22,2024-11-25 17:56:00,45679,101615,0.44953008906165426,13.0,32.0,0.40625,77407,166173,0.465821764065161,31728,64558,0.49146503918956597,78023,167507,0.46578948939447307
CD-9,9,18,22,2024-11-25 18:56:00,74163,146313,0.5068790879826126,888.0,1865.0,0.47613941018766753,125773,242702,0.5182198745787014,51610,96389,0.5354345412858313,130183,251357,0.5179207262976563
CD-47,7,19,23,2024-11-26 19:14:00,137577,275770,0.4988831272437176,416.0,832.0,0.5,181501,352879,0.5143434435032972,43924,77109,0.5696351917415606,181721,353275,0.5143896397990234
CD-22,3,19,23,2024-11-26 19:14:00,45679,101615,0.44953008906165426,564.0,1220.0,0.46229508196721314,77971,167393,0.46579606076717667,32292,65778,0.49092401714859074,78023,167507,0.46578948939447307
SD-19,10,19,23,2024-11-26 19:14:00,123971,265553,0.4668408942847567,195.0,419.0,0.46539379474940334,172588,381293,0.45263878434694577,48617,115740,0.4200535683428374,173291,383030,0.45242148134610866
CD-13,1,19,23,2024-11-26 17:05:00,55625,114417,0.4861602733859479,1344.0,2376.0,0.5656565656565656,103790,207475,0.5002530425352452,48165,93058,0.5175804337080101,105554,210921,0.5004432939346959
CD-45,6,19,23,2024-11-26 19:14:00,117564,244488,0.48085795621871014,338.0,644.0,0.5248447204968945,157960,315307,0.5009720684919776,40396,70819,0.5704118951128935,158264,315875,0.5010336367233874
AD-58,0,19,23,2024-11-26 19:14:00,48086,98720,0.48709481361426255,190.0,412.0,0.46116504854368934,77264,155128,0.4980661131452736,29178,56408,0.5172670543185364,77696,155988,0.4980895966356386
SD-37,11,19,23,2024-11-26 19:14:00,171458,355138,0.482792604564986,463.0,873.0,0.5303550973654066,225882,457858,0.49334509826190653,54424,102720,0.5298286604361371,226270,458615,0.4933767975316987
CD-41,5,19,23,2024-11-26 19:14:00,119833,247121,0.4849162960654902,285.0,660.0,0.4318181818181818,170596,353012,0.4832583594891958,50763,105891,0.479389183216704,171229,354445,0.48309046537544614
CD-21,2,19,23,2024-11-26 19:14:00,64986,128496,0.5057433694434068,0.0,0.0,,99950,190418,0.5248978562950981,34964,61922,0.5646458447724557,102798,195531,0.5257376068244933
SD-5,12,19,23,2024-11-26 19:14:00,91382,182173,0.5016220845020941,0.0,0.0,,185406,349779,0.530066127469059,94024,167606,0.5609823037361431,189668,358804,0.5286117211625289
CD-49,8,19,23,2024-11-26 19:14:00,145722,285076,0.5111689514375114,96.0,247.0,0.38866396761133604,196569,376610,0.5219431241868245,50847,91534,0.5554985032883956,197397,378347,0.5217353381948318
CD-40,4,19,23,2024-11-26 19:14:00,130259,298774,0.43597836491796477,288.0,586.0,0.49146757679180886,171294,382922,0.4473339217908608,41035,84148,0.48765270713504777,171637,383635,0.447396613969007
CD-9,9,19,23,2024-11-26 19:14:00,74163,146313,0.5068790879826126,0.0,5.0,0.0,125773,242707,0.5182091987458128,51610,96394,0.5354067680561031,130183,251357,0.5179207262976563
CD-45,6,20,24,2024-11-27 21:09:00,117564,244488,0.48085795621871014,144.0,305.0,0.4721311475409836,158104,315612,0.5009441973055524,40540,71124,0.5699904392328891,158264,315875,0.5010336367233874
SD-19,10,20,24,2024-11-27 21:09:00,123971,265553,0.4668408942847567,537.0,1347.0,0.3986636971046771,173125,382640,0.45244877691825214,49154,117087,0.419807493573155,173291,383030,0.45242148134610866
CD-40,4,20,24,2024-11-27 21:09:00,130259,298774,0.43597836491796477,279.0,564.0,0.4946808510638298,171573,383486,0.4474035558012548,41314,84712,0.48769949948059305,171637,383635,0.447396613969007
CD-9,9,20,24,2024-11-27 21:09:00,74163,146313,0.5068790879826126,1905.0,4097.0,0.46497437149133514,127678,246804,0.5173254890520413,53515,100491,0.5325352519131067,130183,251357,0.5179207262976563
SD-5,12,20,24,2024-11-27 21:09:00,91382,182173,0.5016220845020941,1807.0,4157.0,0.43468847726726006,187213,353936,0.5289459111251752,95831,171763,0.557925746522825,189668,358804,0.5286117211625289
CD-22,3,20,24,2024-11-27 21:09:00,45679,101615,0.44953008906165426,4.0,16.0,0.25,77975,167409,0.4657754362071334,32296,65794,0.49086542845852205,78023,167507,0.46578948939447307
CD-13,1,20,24,2024-11-27 21:09:00,55625,114417,0.4861602733859479,1201.0,2317.0,0.5183426845058265,104991,209792,0.5004528294691886,49366,95375,0.5175989515072084,105554,210921,0.5004432939346959
CD-21,2,20,24,2024-11-27 21:09:00,64986,128496,0.5057433694434068,1459.0,2759.0,0.5288147879666546,101409,193177,0.5249537988476889,36423,64681,0.5631174533479693,102798,195531,0.5257376068244933
CD-41,5,20,24,2024-11-27 21:09:00,119833,247121,0.4849162960654902,302.0,708.0,0.4265536723163842,170898,353720,0.48314486034151305,51065,106599,0.47903826489929546,171229,354445,0.48309046537544614
CD-47,7,20,24,2024-11-27 21:09:00,137577,275770,0.4988831272437176,154.0,277.0,0.555956678700361,181655,353156,0.5143760830907588,44078,77386,0.569586230067454,181721,353275,0.5143896397990234
SD-37,11,20,24,2024-11-27 21:09:00,171458,355138,0.482792604564986,296.0,581.0,0.5094664371772806,226178,458439,0.49336552954700624,54720,103301,0.5297141363587962,226270,458615,0.4933767975316987
AD-58,0,20,24,2024-11-27 21:09:00,48086,98720,0.48709481361426255,192.0,425.0,0.45176470588235296,77456,155553,0.49793960900786227,29370,56833,0.5167772244998504,77696,155988,0.4980895966356386
CD-49,8,20,24,2024-11-27 21:09:00,145722,285076,0.5111689514375114,740.0,1545.0,0.47896440129449835,197309,378155,0.5217675291877669,51587,93079,0.5542281287938203,197397,378347,0.5217353381948318
CD-49,8,21,25,2024-11-29 18:55:00,145722,285076,0.5111689514375114,0.0,0.0,,197309,378155,0.5217675291877669,51587,93079,0.5542281287938203,197397,378347,0.5217353381948318
CD-41,5,21,25,2024-11-29 18:55:00,119833,247121,0.4849162960654902,0.0,0.0,,170898,353720,0.48314486034151305,51065,106599,0.47903826489929546,171229,354445,0.48309046537544614
CD-22,3,21,25,2024-11-29 18:55:00,45679,101615,0.44953008906165426,0.0,0.0,,77975,167409,0.4657754362071334,32296,65794,0.49086542845852205,78023,167507,0.46578948939447307
SD-37,11,21,25,2024-11-29 18:55:00,171458,355138,0.482792604564986,0.0,0.0,,226178,458439,0.49336552954700624,54720,103301,0.5297141363587962,226270,458615,0.4933767975316987
CD-45,6,21,25,2024-11-29 18:55:00,117564,244488,0.48085795621871014,0.0,0.0,,158104,315612,0.5009441973055524,40540,71124,0.5699904392328891,158264,315875,0.5010336367233874
AD-58,0,21,25,2024-11-29 18:55:00,48086,98720,0.48709481361426255,0.0,0.0,,77456,155553,0.49793960900786227,29370,56833,0.5167772244998504,77696,155988,0.4980895966356386
CD-21,2,21,25,2024-11-29 18:55:00,64986,128496,0.5057433694434068,0.0,0.0,,101409,193177,0.5249537988476889,36423,64681,0.5631174533479693,102798,195531,0.5257376068244933
CD-13,1,21,25,2024-11-29 18:55:00,55625,114417,0.4861602733859479,92.0,147.0,0.6258503401360545,105083,209939,0.5005406332315577,49458,95522,0.51776554092251,105554,210921,0.5004432939346959
CD-9,9,21,25,2024-11-29 18:55:00,74163,146313,0.5068790879826126,815.0,1471.0,0.5540448674371176,128493,248275,0.5175430470244688,54330,101962,0.5328455699182049,130183,251357,0.5179207262976563
SD-5,12,21,25,2024-11-29 18:55:00,91382,182173,0.5016220845020941,831.0,1598.0,0.5200250312891114,188044,355534,0.5289058149150292,96662,173361,0.5575763868459458,189668,358804,0.5286117211625289
SD-19,10,21,25,2024-11-29 18:55:00,123971,265553,0.4668408942847567,0.0,0.0,,173125,382640,0.45244877691825214,49154,117087,0.419807493573155,173291,383030,0.45242148134610866
CD-40,4,21,25,2024-11-29 18:55:00,130259,298774,0.43597836491796477,0.0,0.0,,171573,383486,0.4474035558012548,41314,84712,0.48769949948059305,171637,383635,0.447396613969007
CD-47,7,21,25,2024-11-29 18:55:00,137577,275770,0.4988831272437176,0.0,0.0,,181655,353156,0.5143760830907588,44078,77386,0.569586230067454,181721,353275,0.5143896397990234
CD-22,3,22,26,2024-12-02 18:09:00,45679,101615,0.44953008906165426,6.0,9.0,0.6666666666666666,77981,167418,0.4657862356496912,32302,65803,0.4908894731243256,78023,167507,0.46578948939447307
CD-9,9,22,26,2024-12-02 18:08:00,74163,146313,0.5068790879826126,1689.0,3078.0,0.5487329434697856,130182,251353,0.517924989954367,56019,105040,0.5333111195734959,130183,251357,0.5179207262976563
AD-58,0,22,26,2024-12-02 18:09:00,48086,98720,0.48709481361426255,215.0,377.0,0.5702917771883289,77671,155930,0.4981145385750016,29585,57210,0.5171298723999301,77696,155988,0.4980895966356386
CD-49,8,22,26,2024-12-02 18:09:00,145722,285076,0.5111689514375114,7.0,18.0,0.3888888888888889,197316,378173,0.5217612045280864,51594,93097,0.5541961609933725,197397,378347,0.5217353381948318
CD-40,4,22,26,2024-12-02 18:09:00,130259,298774,0.43597836491796477,32.0,75.0,0.4266666666666667,171605,383561,0.4473995009920195,41346,84787,0.4876455116940097,171637,383635,0.447396613969007
CD-47,7,22,26,2024-12-02 18:09:00,137577,275770,0.4988831272437176,39.0,62.0,0.6290322580645161,181694,353218,0.514396208573742,44117,77448,0.5696338188203698,181721,353275,0.5143896397990234
CD-45,6,22,26,2024-12-02 18:09:00,117564,244488,0.48085795621871014,75.0,131.0,0.5725190839694656,158179,315743,0.5009738933246343,40615,71255,0.5699950880639955,158264,315875,0.5010336367233874
SD-37,11,22,26,2024-12-02 18:09:00,171458,355138,0.482792604564986,47.0,95.0,0.49473684210526314,226225,458534,0.49336581365831106,54767,103396,0.5296819993036481,226270,458615,0.4933767975316987
SD-5,12,22,26,2024-12-02 18:09:00,91382,182173,0.5016220845020941,1574.0,3173.0,0.4960605105578317,189618,358707,0.5286152765348878,98236,176534,0.5564707081921896,189668,358804,0.5286117211625289
SD-19,10,22,26,2024-12-02 18:09:00,123971,265553,0.4668408942847567,70.0,143.0,0.48951048951048953,173195,382783,0.4524626224257608,49224,117230,0.41989251897978336,173291,383030,0.45242148134610866
CD-13,1,22,26,2024-12-02 18:09:00,55625,114417,0.4861602733859479,248.0,580.0,0.42758620689655175,105331,210519,0.5003396368023789,49706,96102,0.5172212857172588,105554,210921,0.5004432939346959
CD-21,2,22,26,2024-12-02 18:09:00,64986,128496,0.5057433694434068,0.0,0.0,,101409,193177,0.5249537988476889,36423,64681,0.5631174533479693,102798,195531,0.5257376068244933
CD-41,5,22,26,2024-12-02 18:09:00,119833,247121,0.4849162960654902,304.0,659.0,0.4613050075872534,171202,354379,0.4831042471478276,51369,107258,0.4789293106341718,171229,354445,0.48309046537544614
SD-37,11,23,27,2024-12-03 23:53:00,171458,355138,0.482792604564986,45.0,81.0,0.5555555555555556,226270,458615,0.4933767975316987,54812,103477,0.5297022526745073,226270,458615,0.4933767975316987
CD-47,7,23,27,2024-12-03 23:53:00,137577,275770,0.4988831272437176,27.0,57.0,0.47368421052631576,181721,353275,0.5143896397990234,44144,77505,0.569563253983614,181721,353275,0.5143896397990234
CD-9,9,23,27,2024-12-03 23:53:00,74163,146313,0.5068790879826126,1.0,4.0,0.25,130183,251357,0.5179207262976563,56020,105044,0.5333003312897453,130183,251357,0.5179207262976563
CD-49,8,23,27,2024-12-03 23:53:00,145722,285076,0.5111689514375114,81.0,174.0,0.46551724137931033,197397,378347,0.5217353381948318,51675,93271,0.5540307276645474,197397,378347,0.5217353381948318
SD-5,12,23,27,2024-12-03 23:53:00,91382,182173,0.5016220845020941,50.0,97.0,0.5154639175257731,189668,358804,0.5286117211625289,98286,176631,0.5564481885965658,189668,358804,0.5286117211625289
CD-40,4,23,27,2024-12-03 23:53:00,130259,298774,0.43597836491796477,32.0,74.0,0.43243243243243246,171637,383635,0.447396613969007,41378,84861,0.48759736510293306,171637,383635,0.447396613969007
CD-22,3,23,27,2024-12-03 23:53:00,45679,101615,0.44953008906165426,42.0,89.0,0.47191011235955055,78023,167507,0.46578948939447307,32344,65892,0.49086383779518,78023,167507,0.46578948939447307
CD-45,6,23,27,2024-12-03 23:53:00,117564,244488,0.48085795621871014,85.0,132.0,0.6439393939393939,158264,315875,0.5010336367233874,40700,71387,0.5701318167173295,158264,315875,0.5010336367233874
CD-21,2,23,27,2024-12-03 23:53:00,64986,128496,0.5057433694434068,1389.0,2354.0,0.5900594732370433,102798,195531,0.5257376068244933,37812,67035,0.5640635488923696,102798,195531,0.5257376068244933
SD-19,10,23,27,2024-12-03 23:53:00,123971,265553,0.4668408942847567,96.0,247.0,0.38866396761133604,173291,383030,0.45242148134610866,49320,117477,0.4198268597257335,173291,383030,0.45242148134610866
CD-13,1,23,27,2024-12-03 23:53:00,55625,114417,0.4861602733859479,223.0,402.0,0.554726368159204,105554,210921,0.5004432939346959,49929,96504,0.5173775180303407,105554,210921,0.5004432939346959
CD-41,5,23,27,2024-12-03 23:53:00,119833,247121,0.4849162960654902,27.0,66.0,0.4090909090909091,171229,354445,0.48309046537544614,51396,107324,0.47888636278931085,171229,354445,0.48309046537544614
AD-58,0,23,27,2024-12-03 23:53:00,48086,98720,0.48709481361426255,25.0,58.0,0.43103448275862066,77696,155988,0.4980895966356386,29610,57268,0.517042676538381,77696,155988,0.4980895966356386
CD-41,5,24,28,2024-12-04 20:15:00,119833,247121,0.4849162960654902,0.0,0.0,,171229,354445,0.48309046537544614,51396,107324,0.47888636278931085,171229,354445,0.48309046537544614
SD-37,11,24,28,2024-12-04 20:15:00,171458,355138,0.482792604564986,0.0,0.0,,226270,458615,0.4933767975316987,54812,103477,0.5297022526745073,226270,458615,0.4933767975316987
SD-5,12,24,28,2024-12-04 20:15:00,91382,182173,0.5016220845020941,0.0,0.0,,189668,358804,0.5286117211625289,98286,176631,0.5564481885965658,189668,358804,0.5286117211625289
CD-45,6,24,28,2024-12-04 20:15:00,117564,244488,0.48085795621871014,0.0,0.0,,158264,315875,0.5010336367233874,40700,71387,0.5701318167173295,158264,315875,0.5010336367233874
SD-19,10,24,28,2024-12-04 20:15:00,123971,265553,0.4668408942847567,0.0,0.0,,173291,383030,0.45242148134610866,49320,117477,0.4198268597257335,173291,383030,0.45242148134610866
CD-13,1,24,28,2024-12-04 20:15:00,55625,114417,0.4861602733859479,0.0,0.0,,105554,210921,0.5004432939346959,49929,96504,0.5173775180303407,105554,210921,0.5004432939346959
CD-9,9,24,28,2024-12-04 20:15:00,74163,146313,0.5068790879826126,0.0,0.0,,130183,251357,0.5179207262976563,56020,105044,0.5333003312897453,130183,251357,0.5179207262976563
CD-40,4,24,28,2024-12-04 20:15:00,130259,298774,0.43597836491796477,0.0,0.0,,171637,383635,0.447396613969007,41378,84861,0.48759736510293306,171637,383635,0.447396613969007
CD-21,2,24,28,2024-12-04 20:15:00,64986,128496,0.5057433694434068,0.0,0.0,,102798,195531,0.5257376068244933,37812,67035,0.5640635488923696,102798,195531,0.5257376068244933
CD-47,7,24,28,2024-12-04 20:15:00,137577,275770,0.4988831272437176,0.0,0.0,,181721,353275,0.5143896397990234,44144,77505,0.569563253983614,181721,353275,0.5143896397990234
AD-58,0,24,28,2024-12-04 20:15:00,48086,98720,0.48709481361426255,0.0,0.0,,77696,155988,0.4980895966356386,29610,57268,0.517042676538381,77696,155988,0.4980895966356386
CD-49,8,24,28,2024-12-04 20:15:00,145722,285076,0.5111689514375114,0.0,0.0,,197397,378347,0.5217353381948318,51675,93271,0.5540307276645474,197397,378347,0.5217353381948318
CD-22,3,24,28,2024-12-04 20:15:00,45679,101615,0.44953008906165426,0.0,0.0,,78023,167507,0.46578948939447307,32344,65892,0.49086383779518,78023,167507,0.46578948939447307
SD-37,11,25,29,2024-12-05 10:16:00,171458,355138,0.482792604564986,0.0,0.0,,226270,458615,0.4933767975316987,54812,103477,0.5297022526745073,226270,458615,0.4933767975316987
CD-45,6,25,29,2024-12-05 10:16:00,117564,244488,0.48085795621871014,0.0,0.0,,158264,315875,0.5010336367233874,40700,71387,0.5701318167173295,158264,315875,0.5010336367233874
CD-40,4,25,29,2024-12-05 10:16:00,130259,298774,0.43597836491796477,0.0,0.0,,171637,383635,0.447396613969007,41378,84861,0.48759736510293306,171637,383635,0.447396613969007
CD-47,7,25,29,2024-12-05 10:16:00,137577,275770,0.4988831272437176,0.0,0.0,,181721,353275,0.5143896397990234,44144,77505,0.569563253983614,181721,353275,0.5143896397990234
CD-49,8,25,29,2024-12-05 10:16:00,145722,285076,0.5111689514375114,0.0,0.0,,197397,378347,0.5217353381948318,51675,93271,0.5540307276645474,197397,378347,0.5217353381948318
CD-21,2,25,29,2024-12-05 10:16:00,64986,128496,0.5057433694434068,0.0,0.0,,102798,195531,0.5257376068244933,37812,67035,0.5640635488923696,102798,195531,0.5257376068244933
CD-41,5,25,29,2024-12-05 10:16:00,119833,247121,0.4849162960654902,0.0,0.0,,171229,354445,0.48309046537544614,51396,107324,0.47888636278931085,171229,354445,0.48309046537544614
CD-9,9,25,29,2024-12-05 10:16:00,74163,146313,0.5068790879826126,0.0,0.0,,130183,251357,0.5179207262976563,56020,105044,0.5333003312897453,130183,251357,0.5179207262976563
CD-13,1,25,29,2024-12-05 10:16:00,55625,114417,0.4861602733859479,0.0,0.0,,105554,210921,0.5004432939346959,49929,96504,0.5173775180303407,105554,210921,0.5004432939346959
SD-19,10,25,29,2024-12-05 10:16:00,123971,265553,0.4668408942847567,0.0,0.0,,173291,383030,0.45242148134610866,49320,117477,0.4198268597257335,173291,383030,0.45242148134610866
AD-58,0,25,29,2024-12-05 10:16:00,48086,98720,0.48709481361426255,0.0,0.0,,77696,155988,0.4980895966356386,29610,57268,0.517042676538381,77696,155988,0.4980895966356386
CD-22,3,25,29,2024-12-05 10:16:00,45679,101615,0.44953008906165426,0.0,0.0,,78023,167507,0.46578948939447307,32344,65892,0.49086383779518,78023,167507,0.46578948939447307
SD-5,12,25,29,2024-12-05 10:16:00,91382,182173,0.5016220845020941,0.0,0.0,,189668,358804,0.5286117211625289,98286,176631,0.5564481885965658,189668,358804,0.5286117211625289
