,Date,Timestamp,R,D,Margin,Daily Margin Change,Vote Difference,Total Votes Cast,Total Unprocessed Ballots*,Jurisdiction,Unprocessed Ballots,Race,Datetime,Time_Gap,Batch_ID,Dem_Share,Day_Index,Final_Total_Votes,Percent_of_Final
1197,2024-11-06,17:25:00,46987,44568,0.026421276828136,0.0140721148527831,2419,91555,,Riverside,,AD-58,2024-11-06 17:25:00,0 days 00:00:00,1,0.48678936158593195,1,155988,0.5869361745775316
1198,2024-11-07,17:37:00,50634,48086,0.0258103727714748,-0.0006109040566612,2548,98720,609450.0,Riverside,350000.0,AD-58,2024-11-07 17:37:00,1 days 00:12:00,2,0.48709481361426255,2,155988,0.6328691950662871
1229,2024-11-08,17:12:00,50670,48134,0.0256669770454637,-0.0001433957260111,2536,98804,586630.0,San Bernardino,236630.0,AD-58,2024-11-08 17:12:00,0 days 00:00:00,3,0.48716651147726814,3,155988,0.6334076980280534
1200,2024-11-09,17:44:00,56977,55277,0.0151442264863612,-0.0105227505591024,1700,112254,461630.0,Riverside,225000.0,AD-58,2024-11-09 17:44:00,0 days 00:00:00,4,0.49242788675681937,4,155988,0.7196322794061082
1231,2024-11-10,17:13:00,56977,55277,0.0151442264863612,0.0,1700,112254,461630.0,San Bernardino,236630.0,AD-58,2024-11-10 17:13:00,0 days 23:29:00,5,0.49242788675681937,5,155988,0.7196322794061082
1232,2024-11-11,17:07:00,57059,55363,0.0150860151927558,-5.8211293605421946e-05,1696,112422,461630.0,San Bernardino,236630.0,AD-58,2024-11-11 17:07:00,0 days 00:00:00,7,0.49245699240362206,6,155988,0.7207092853296407
1233,2024-11-12,08:08:00,60277,59062,0.0101810807866665,-0.0049049344060893,1215,119339,364520.0,San Bernardino,199520.0,AD-58,2024-11-12 08:08:00,0 days 00:00:00,8,0.4949094596066667,7,155988,0.7650524399312768
1234,2024-11-12,19:20:00,67332,66640,0.0051652584122055,-0.005015822374461,692,133972,364520.0,San Bernardino,199520.0,AD-58,2024-11-12 19:20:00,0 days 00:00:00,9,0.49741737079389725,8,155988,0.8588609380208734
1205,2024-11-13,10:32:00,67332,66640,0.0051652584122055,0.0,692,133972,296350.0,Riverside,105000.0,AD-58,2024-11-13 10:32:00,0 days 15:12:00,10,0.49741737079389725,9,155988,0.8588609380208734
1236,2024-11-14,03:14:00,73102,72535,0.0038932414152996,-0.0012720169969058,567,145637,264050.0,San Bernardino,159050.0,AD-58,2024-11-14 03:14:00,0 days 00:00:00,11,0.49805337929235016,10,155988,0.9336423314613944
1207,2024-11-14,18:06:00,73861,73326,0.0036348318805329,-0.0002584095347667,535,147187,171575.0,Riverside,47500.0,AD-58,2024-11-14 18:06:00,0 days 00:00:00,12,0.49818258405973354,11,155988,0.9435789932558915
1238,2024-11-15,19:06:00,74229,73720,0.0034403747237223,-0.0001944571568105,509,147949,122100.0,San Bernardino,84600.0,AD-58,2024-11-15 19:06:00,0 days 00:00:00,13,0.4982798126381388,12,155988,0.9484639844090571
1239,2024-11-16,17:52:00,74292,73816,0.0032138709590298,-0.0002265037646924,476,148108,97200.0,San Bernardino,61600.0,AD-58,2024-11-16 17:52:00,0 days 00:00:00,14,0.49839306452048504,13,155988,0.9494832935866862
1240,2024-11-18,09:30:00,74292,73816,0.0032138709590298,0.0,476,148108,96800.0,San Bernardino,61600.0,AD-58,2024-11-18 09:30:00,0 days 00:00:00,15,0.49839306452048504,14,155988,0.9494832935866862
1211,2024-11-18,18:44:00,74617,74121,0.0033347228011671,0.0001208518421372,496,148738,58300.0,Riverside,35200.0,AD-58,2024-11-18 18:44:00,0 days 00:00:00,16,0.4983326385994164,15,155988,0.9535220657999334
1242,2024-11-19,18:02:00,75290,74802,0.0032513391786371,-8.338362253005032e-05,488,150092,57010.0,San Bernardino,22810.0,AD-58,2024-11-19 18:02:00,0 days 00:00:00,17,0.49837433041068147,16,155988,0.9622022206836424
1213,2024-11-20,17:52:00,76045,75566,0.0031594013626979,-9.193781593914552e-05,479,151611,54401.0,Riverside,31900.0,AD-58,2024-11-20 17:52:00,0 days 00:00:00,18,0.498420299318651,17,155988,0.9719401492422494
1214,2024-11-21,18:41:00,76675,76171,0.0032974366355678,0.0001380352728698,504,152846,47101.0,Riverside,24600.0,AD-58,2024-11-21 18:41:00,0 days 00:00:00,19,0.4983512816822161,18,155988,0.9798574249301228
1215,2024-11-22,20:02:00,77304,76702,0.0039089386127813,0.0006115019772134,602,154006,33050.0,Riverside,15600.0,AD-58,2024-11-22 20:02:00,0 days 00:00:00,20,0.49804553069360935,19,155988,0.9872938944021334
1216,2024-11-23,17:53:00,77366,76788,0.0037494972559907,-0.0001594413567905,578,154154,26950.0,Riverside,9500.0,AD-58,2024-11-23 17:53:00,0 days 00:00:00,21,0.49812525137200464,20,155988,0.9882426853347693
1217,2024-11-25,17:56:00,77642,77074,0.0036712427932469,-7.825446274378105e-05,568,154716,11400.0,Riverside,7000.0,AD-58,2024-11-25 17:56:00,0 days 00:00:00,22,0.49816437860337653,21,155988,0.9918455265789676
1248,2024-11-26,19:14:00,77864,77264,0.0038677737094528,0.0001965309162058,600,155128,9700.0,San Bernardino,4400.0,AD-58,2024-11-26 19:14:00,0 days 00:00:00,23,0.4980661131452736,22,155988,0.9944867553914404
1219,2024-11-27,21:09:00,78097,77456,0.0041207819842754,0.0002530082748226,641,155553,2650.0,Riverside,2200.0,AD-58,2024-11-27 21:09:00,0 days 00:00:00,24,0.49793960900786227,23,155988,0.997211323947996
1250,2024-11-29,18:55:00,78097,77456,0.0041207819842754,0.0,641,155553,1000.0,San Bernardino,450.0,AD-58,2024-11-29 18:55:00,0 days 00:00:00,25,0.49793960900786227,24,155988,0.997211323947996
1221,2024-12-02,18:09:00,78259,77671,0.0037709228499967,-0.0003498591342786,588,155930,1000.0,Riverside,550.0,AD-58,2024-12-02 18:09:00,0 days 00:00:00,26,0.4981145385750016,25,155988,0.9996281765263995
1222,2024-12-03,23:53:00,78292,77696,0.0038208067287227,4.988387872592896e-05,596,155988,0.0,Riverside,0.0,AD-58,2024-12-03 23:53:00,0 days 00:00:00,27,0.4980895966356386,26,155988,1.0
1253,2024-12-04,20:15:00,78292,77696,0.0038208067287227,0.0,596,155988,0.0,San Bernardino,0.0,AD-58,2024-12-04 20:15:00,0 days 20:22:00,28,0.4980895966356386,27,155988,1.0
1224,2024-12-05,10:16:00,78292,77696,0.0038208067287227,0.0,596,155988,0.0,Riverside,0.0,AD-58,2024-12-05 10:16:00,0 days 00:00:00,29,0.4980895966356386,28,155988,1.0
516,2024-11-06,17:25:00,56785,53596,0.0288908417209483,0.0,3189,110381,,Stanislaus,,CD-13,2024-11-06 17:25:00,0 days 00:00:00,1,0.4855545791395258,1,210921,0.5233286396328484
455,2024-11-07,17:37:00,58792,55625,0.0276794532281042,-0.0012113884928441,3167,114417,344445.0,Merced,47000.0,CD-13,2024-11-07 17:37:00,0 days 00:00:00,2,0.4861602733859479,2,210921,0.5424637660545891
518,2024-11-08,17:12:00,66147,62631,0.0273028001677305,-0.0003766530603737,3516,128778,328695.0,Stanislaus,69790.0,CD-13,2024-11-08 17:12:00,0 days 00:00:00,3,0.4863485999161347,3,210921,0.6105508697569232
426,2024-11-09,17:44:00,66675,63414,0.025067453820077,-0.0022353463476534,3261,130089,328695.0,Madera,10700.0,CD-13,2024-11-09 17:44:00,0 days 00:00:00,4,0.4874662730899615,4,210921,0.6167664670658682
520,2024-11-10,19:32:00,66675,63414,0.025067453820077,0.0,3261,130089,328695.0,Stanislaus,69790.0,CD-13,2024-11-10 19:32:00,0 days 00:00:00,5,0.4874662730899615,5,210921,0.6167664670658682
428,2024-11-11,17:07:00,66675,63414,0.025067453820077,0.0,3261,130089,274255.0,Madera,10700.0,CD-13,2024-11-11 17:07:00,0 days 00:00:00,7,0.4874662730899615,6,210921,0.6167664670658682
522,2024-11-12,08:08:00,67384,64408,0.0225810367852373,-0.0024864170348396,2976,131792,272811.0,Stanislaus,69790.0,CD-13,2024-11-12 08:08:00,0 days 00:00:00,8,0.4887094816073813,7,210921,0.6248405801224155
399,2024-11-12,17:19:00,76685,73563,0.0207789787551248,-0.0018020580301124,3122,150248,222561.0,Fresno,49200.0,CD-13,2024-11-12 17:19:00,0 days 00:00:00,9,0.48961051062243754,8,210921,0.712342535830951
431,2024-11-13,10:32:00,76685,73563,0.0207789787551248,0.0,3122,150248,197604.0,Madera,10700.0,CD-13,2024-11-13 10:32:00,0 days 00:00:00,10,0.48961051062243754,9,210921,0.712342535830951
432,2024-11-14,03:14:00,80392,76627,0.0239779899247861,0.0031990111696613,3765,157019,188614.0,Madera,1710.0,CD-13,2024-11-14 03:14:00,0 days 16:42:00,11,0.4880110050376069,10,210921,0.7444446024814978
526,2024-11-14,18:06:00,89315,87551,0.0099736523695905,-0.0140043375551956,1764,176866,145354.0,Stanislaus,54283.0,CD-13,2024-11-14 18:06:00,0 days 00:00:00,12,0.4950131738152047,11,210921,0.8385414444270604
527,2024-11-15,19:06:00,89990,88068,0.0107942355861573,0.0008205832165667,1922,178058,73828.0,Stanislaus,32495.0,CD-13,2024-11-15 19:06:00,0 days 00:00:00,13,0.49460288220692133,12,210921,0.8441928494554833
435,2024-11-16,17:52:00,89990,88068,0.0107942355861573,0.0,1922,178058,73828.0,Madera,700.0,CD-13,2024-11-16 17:52:00,0 days 00:00:00,14,0.49460288220692133,13,210921,0.8441928494554833
467,2024-11-18,09:30:00,90906,88902,0.0111452215696743,0.0003509859835169,2004,179808,73828.0,Merced,16350.0,CD-13,2024-11-18 09:30:00,0 days 00:00:00,15,0.4944273892151628,14,210921,0.8524897947572788
406,2024-11-18,18:44:00,91581,89300,0.0126105008265102,0.0014652792568359,2281,180881,67767.0,Fresno,7139.0,CD-13,2024-11-18 18:44:00,0 days 00:00:00,16,0.49369474958674486,15,210921,0.8575770075051796
407,2024-11-19,18:03:00,100885,100658,0.0011263105143815,-0.0114841903121287,227,201543,54344.0,Fresno,7100.0,CD-13,2024-11-19 18:03:00,0 days 00:01:00,17,0.49943684474280925,16,210921,0.9555378554055783
408,2024-11-20,17:52:00,101217,100866,0.0017369100815011,0.0006105995671196,351,202083,26163.0,Fresno,7100.0,CD-13,2024-11-20 17:52:00,0 days 00:00:00,18,0.49913154495924944,17,210921,0.9580980556701324
502,2024-11-21,18:41:00,101806,101612,0.0009537012457108,-0.0007832088357903,194,203418,23701.0,San Joaquin,9765.0,CD-13,2024-11-21 18:41:00,1 days 00:49:00,19,0.4995231493771446,18,210921,0.9644274396575021
534,2024-11-22,20:02:00,102154,101951,0.0009945861198892,4.0884874178470426e-05,203,204105,22181.0,Stanislaus,3845.0,CD-13,2024-11-22 20:02:00,0 days 00:00:00,20,0.4995027069400554,19,210921,0.9676845833274069
411,2024-11-23,17:53:00,102550,102346,0.0009956270498203,1.0409299311239708e-06,204,204896,21520.0,Fresno,5632.0,CD-13,2024-11-23 17:53:00,0 days 00:00:00,21,0.4995021864750898,20,210921,0.9714348026038185
443,2024-11-25,18:56:00,102653,102446,0.0010092686946303,1.3641644810001184e-05,207,205099,21060.0,Madera,0.0,CD-13,2024-11-25 18:56:00,0 days 00:00:00,22,0.4994953656526848,21,210921,0.9723972482588268
475,2024-11-26,17:05:00,103685,103790,0.0005060850704904,-0.0005031836241399,105,207475,15725.0,Merced,0.0,CD-13,2024-11-26 17:05:00,0 days 22:09:00,23,0.5002530425352452,22,210921,0.9836621294228645
446,2024-11-27,21:09:00,104801,104991,0.000905658938377,3.4111606652736264e-05,190,209792,12076.0,Madera,0.0,CD-13,2024-11-27 21:09:00,0 days 00:00:00,24,0.5004528294691886,23,210921,0.9946472850024417
478,2024-11-29,18:55:00,104856,105083,0.0010812664631154,0.0001756075247384,227,209939,3107.0,Merced,0.0,CD-13,2024-11-29 18:55:00,0 days 00:00:00,25,0.5005406332315577,24,210921,0.9953442284077925
510,2024-12-02,18:09:00,105188,105331,0.0006792736047577,-0.0004019928583577,143,210519,796.0,San Joaquin,0.0,CD-13,2024-12-02 18:09:00,0 days 00:00:00,26,0.5003396368023789,25,210921,0.9980940731363875
480,2024-12-03,23:53:00,105367,105554,0.0008865878693918,0.000207314264634,187,210921,0.0,Merced,0.0,CD-13,2024-12-03 23:53:00,0 days 00:00:00,27,0.5004432939346959,26,210921,1.0
481,2024-12-04,20:15:00,105367,105554,0.0008865878693918,0.0,187,210921,0.0,Merced,0.0,CD-13,2024-12-04 20:15:00,0 days 00:00:00,28,0.5004432939346959,27,210921,1.0
544,2024-12-05,10:16:00,105367,105554,0.0008865878693918,0.0,187,210921,0.0,Stanislaus,0.0,CD-13,2024-12-05 10:16:00,0 days 00:00:00,29,0.5004432939346959,28,210921,1.0
575,2024-11-06,17:25:00,58428,59437,0.0085606414117846,0.0,1009,117865,,Tulare,,CD-21,2024-11-06 17:25:00,0 days 00:00:00,1,0.5042803207058923,1,195531,0.6027944418020672
576,2024-11-07,17:37:00,63510,64986,0.0114867388868135,0.0029260974750289,1476,128496,138047.0,Tulare,37153.0,CD-21,2024-11-07 17:37:00,0 days 00:00:00,2,0.5057433694434068,2,195531,0.6571643371127852
548,2024-11-08,17:12:00,64664,65967,0.0099746614509572,-0.0015120774358563,1303,130631,132402.0,Fresno,100894.0,CD-21,2024-11-08 17:12:00,0 days 00:00:00,3,0.5049873307254786,3,195531,0.6680833218262066
549,2024-11-09,17:44:00,64664,65967,0.0099746614509572,0.0,1303,130631,132402.0,Fresno,100894.0,CD-21,2024-11-09 17:44:00,0 days 00:00:00,4,0.5049873307254786,4,195531,0.6680833218262066
550,2024-11-10,19:32:00,64664,65967,0.0099746614509572,0.0,1303,130631,132402.0,Fresno,100894.0,CD-21,2024-11-10 19:32:00,0 days 00:00:00,5,0.5049873307254786,5,195531,0.6680833218262066
580,2024-11-11,17:07:00,64664,65967,0.0099746614509572,0.0,1303,130631,132402.0,Tulare,31508.0,CD-21,2024-11-11 17:07:00,0 days 00:00:00,7,0.5049873307254786,6,195531,0.6680833218262066
581,2024-11-12,08:08:00,64664,65967,0.0099746614509572,0.0,1303,130631,132402.0,Tulare,31508.0,CD-21,2024-11-12 08:08:00,0 days 00:00:00,8,0.5049873307254786,7,195531,0.6680833218262066
582,2024-11-12,17:19:00,73838,79377,0.0361518128120614,0.0261771513611042,5539,153215,80708.0,Tulare,31508.0,CD-21,2024-11-12 17:19:00,0 days 00:00:00,9,0.5180759064060307,8,195531,0.7835841886964215
583,2024-11-13,10:32:00,75299,80522,0.0335192303989834,-0.002632582413078,5223,155821,73762.0,Tulare,24562.0,CD-21,2024-11-13 10:32:00,0 days 00:00:00,10,0.5167596151994918,9,195531,0.7969119986089163
555,2024-11-14,03:14:00,76247,81434,0.0328955295818773,-0.0006237008171061,5187,157681,73762.0,Fresno,49200.0,CD-21,2024-11-14 03:14:00,0 days 00:00:00,11,0.5164477647909387,10,195531,0.8064245567199063
585,2024-11-14,18:06:00,77894,82633,0.0295215135148604,-0.0033740160670169,4739,160527,66035.0,Tulare,16835.0,CD-21,2024-11-14 18:06:00,0 days 00:00:00,12,0.5147607567574302,11,195531,0.8209797934854319
557,2024-11-15,19:06:00,79077,83525,0.0273551370831847,-0.0021663764316757,4448,162602,20709.0,Fresno,13200.0,CD-21,2024-11-15 19:06:00,0 days 00:00:00,13,0.5136775685415923,12,195531,0.8315919214855957
587,2024-11-16,17:52:00,79077,83525,0.0273551370831847,0.0,4448,162602,20709.0,Tulare,7509.0,CD-21,2024-11-16 17:52:00,0 days 00:00:00,14,0.5136775685415923,13,195531,0.8315919214855957
559,2024-11-18,09:30:00,86395,94724,0.0459863404722861,0.0186312033891014,8329,181119,20709.0,Fresno,13200.0,CD-21,2024-11-18 09:30:00,0 days 00:00:00,15,0.5229931702361431,14,195531,0.9262930174754899
589,2024-11-18,18:44:00,89455,98585,0.0485534992554775,0.0025671587831913,9130,188040,14648.0,Tulare,7509.0,CD-21,2024-11-18 18:44:00,0 days 00:00:00,16,0.5242767496277387,15,195531,0.9616889393497706
561,2024-11-19,18:03:00,89455,98585,0.0485534992554775,0.0,9130,188040,9071.0,Fresno,7100.0,CD-21,2024-11-19 18:03:00,0 days 00:00:00,17,0.5242767496277387,16,195531,0.9616889393497706
562,2024-11-20,17:52:00,89632,98679,0.0480428652601281,-0.0005106339953493,9047,188311,9071.0,Fresno,7100.0,CD-21,2024-11-20 17:52:00,0 days 00:00:00,18,0.5240214326300641,17,195531,0.9630749088379847
563,2024-11-21,18:41:00,89737,98761,0.0478731869834162,-0.0001696782767119,9024,188498,8117.0,Fresno,7139.0,CD-21,2024-11-21 18:41:00,0 days 00:00:00,19,0.5239365934917082,18,195531,0.9640312789276381
593,2024-11-22,20:02:00,90441,99937,0.0498797129920474,0.0020065260086311,9496,190378,5744.0,Tulare,112.0,CD-21,2024-11-22 20:02:00,0 days 00:00:00,20,0.5249398564960237,19,195531,0.9736461226097141
565,2024-11-23,17:53:00,90441,99937,0.0498797129920474,0.0,9496,190378,5744.0,Fresno,5632.0,CD-21,2024-11-23 17:53:00,0 days 00:00:00,21,0.5249398564960237,20,195531,0.9736461226097141
566,2024-11-25,18:56:00,90468,99950,0.0497957125901963,-8.400040185109481e-05,9482,190418,5632.0,Fresno,5632.0,CD-21,2024-11-25 18:56:00,0 days 00:00:00,22,0.5248978562950981,21,195531,0.9738506937518859
596,2024-11-26,19:14:00,90468,99950,0.0497957125901963,0.0,9482,190418,5632.0,Tulare,0.0,CD-21,2024-11-26 19:14:00,0 days 00:00:00,23,0.5248978562950981,22,195531,0.9738506937518859
568,2024-11-27,21:09:00,91768,101409,0.0499075976953778,0.0001118851051815,9641,193177,5632.0,Fresno,5632.0,CD-21,2024-11-27 21:09:00,0 days 00:01:00,24,0.5249537988476889,23,195531,0.9879609882831878
569,2024-11-29,18:55:00,91768,101409,0.0499075976953778,0.0,9641,193177,600.0,Fresno,600.0,CD-21,2024-11-29 18:55:00,0 days 00:00:00,25,0.5249537988476889,24,195531,0.9879609882831878
570,2024-12-02,18:09:00,91768,101409,0.0499075976953778,0.0,9641,193177,600.0,Fresno,600.0,CD-21,2024-12-02 18:09:00,0 days 00:00:00,26,0.5249537988476889,25,195531,0.9879609882831878
600,2024-12-03,23:53:00,92733,102798,0.0514752136489866,0.0015676159536087,10065,195531,0.0,Tulare,0.0,CD-21,2024-12-03 23:53:00,0 days 00:00:00,27,0.5257376068244933,26,195531,1.0
572,2024-12-04,20:15:00,92733,102798,0.0514752136489866,0.0,10065,195531,0.0,Fresno,0.0,CD-21,2024-12-04 20:15:00,0 days 00:00:00,28,0.5257376068244933,27,195531,1.0
573,2024-12-05,10:16:00,92733,102798,0.0514752136489866,0.0,10065,195531,0.0,Fresno,0.0,CD-21,2024-12-05 10:16:00,0 days 00:00:00,29,0.5257376068244933,28,195531,1.0
635,2024-11-06,17:25:00,53794,43955,0.1006557611842576,0.0,9839,97749,,Kings,,CD-22,2024-11-06 17:25:00,0 days 00:00:00,1,0.44967211940787116,1,167507,0.583551732166417
636,2024-11-07,17:37:00,55936,45679,0.1009398218766914,0.0002840606924337,10257,101615,185698.0,Kings,10506.0,CD-22,2024-11-07 17:37:00,0 days 00:00:00,2,0.44953008906165426,2,167507,0.6066313646593874
667,2024-11-08,17:12:00,62900,52519,0.0899418639911972,-0.0109979578854941,10381,115419,151008.0,Tulare,31508.0,CD-22,2024-11-08 17:12:00,0 days 23:35:00,3,0.45502906800440135,3,167507,0.6890398610207334
608,2024-11-09,17:44:00,71495,61987,0.0712305779056352,-0.018711286085562,9508,133482,151008.0,Kern,112520.0,CD-22,2024-11-09 17:44:00,0 days 00:00:00,4,0.4643847110471824,4,167507,0.7968741604828455
609,2024-11-10,19:32:00,71495,61987,0.0712305779056352,0.0,9508,133482,151008.0,Kern,112520.0,CD-22,2024-11-10 19:32:00,0 days 00:00:00,5,0.4643847110471824,5,167507,0.7968741604828455
640,2024-11-11,17:07:00,71495,61987,0.0712305779056352,0.0,9508,133482,151008.0,Kings,6980.0,CD-22,2024-11-11 17:07:00,0 days 00:00:00,7,0.4643847110471824,6,167507,0.7968741604828455
641,2024-11-12,08:08:00,71495,61987,0.0712305779056352,0.0,9508,133482,88238.0,Kings,6980.0,CD-22,2024-11-12 08:08:00,0 days 00:00:00,8,0.4643847110471824,7,167507,0.7968741604828455
612,2024-11-12,17:19:00,74807,65261,0.0681526115886569,-0.0030779663169782,9546,140068,88238.0,Kern,49750.0,CD-22,2024-11-12 17:19:00,0 days 00:00:00,9,0.46592369420567153,8,167507,0.8361919203376575
643,2024-11-13,10:32:00,75997,66117,0.0695216516317885,0.0013690400431316,9880,142114,64937.0,Kings,6980.0,CD-22,2024-11-13 10:32:00,0 days 00:00:00,10,0.4652391741841057,9,167507,0.848406335257631
674,2024-11-14,03:14:00,83363,73207,0.0648655553426582,-0.0046560962891303,10156,156570,36388.0,Tulare,24562.0,CD-22,2024-11-14 03:14:00,0 days 00:00:00,11,0.4675672223286709,10,167507,0.9347072062660068
645,2024-11-14,18:06:00,84815,74180,0.0668888958772288,0.0020233405345706,10635,158995,28661.0,Kings,1431.0,CD-22,2024-11-14 18:06:00,0 days 00:00:00,12,0.4665555520613856,11,167507,0.9491842131970604
646,2024-11-15,19:06:00,86012,75210,0.0670007815310565,0.0001118856538277,10802,161222,17469.0,Kings,825.0,CD-22,2024-11-15 19:06:00,0 days 00:00:00,13,0.4664996092344717,12,167507,0.9624791799745682
647,2024-11-16,17:52:00,86012,75210,0.0670007815310565,0.0,10802,161222,17469.0,Kings,825.0,CD-22,2024-11-16 17:52:00,0 days 22:44:00,14,0.4664996092344717,13,167507,0.9624791799745682
618,2024-11-18,09:30:00,86012,75210,0.0670007815310565,0.0,10802,161222,17469.0,Kern,9135.0,CD-22,2024-11-18 09:30:00,1 days 15:38:00,15,0.4664996092344717,14,167507,0.9624791799745682
679,2024-11-18,18:44:00,86899,75912,0.0674831553150585,0.000482373784002,10987,162811,17469.0,Tulare,7509.0,CD-22,2024-11-18 18:44:00,0 days 00:00:00,16,0.4662584223424707,15,167507,0.9719653507017617
650,2024-11-19,18:03:00,87101,76089,0.0674796249770206,-3.53033803791869e-06,11012,163190,11281.0,Kings,825.0,CD-22,2024-11-19 18:03:00,0 days 00:00:00,17,0.4662601875114897,16,167507,0.9742279427128419
681,2024-11-20,17:52:00,87381,76322,0.067555267771513,7.564279449240319e-05,11059,163703,11281.0,Tulare,1971.0,CD-22,2024-11-20 17:52:00,0 days 00:00:00,18,0.4662223661142435,17,167507,0.9772905012924833
622,2024-11-21,18:41:00,87624,76494,0.0678170584579388,0.0002617906864257,11130,164118,10288.0,Kern,8485.0,CD-22,2024-11-21 18:41:00,0 days 00:00:00,19,0.4660914707710306,18,167507,0.9797680096951172
623,2024-11-22,20:02:00,88747,77394,0.0683335239344893,0.0005164654765505,11353,166141,8612.0,Kern,8485.0,CD-22,2024-11-22 20:02:00,1 days 01:17:00,20,0.46583323803275534,19,167507,0.9918451169204869
654,2024-11-23,17:53:00,88747,77394,0.0683335239344893,0.0,11353,166141,3022.0,Kings,15.0,CD-22,2024-11-23 17:53:00,0 days 00:00:00,21,0.46583323803275534,20,167507,0.9918451169204869
655,2024-11-25,17:56:00,88766,77407,0.0683564718696779,2.2947935188602497e-05,11359,166173,2910.0,Kings,15.0,CD-22,2024-11-25 17:56:00,0 days 00:00:00,22,0.465821764065161,21,167507,0.9920361537129792
686,2024-11-26,19:14:00,89422,77971,0.0684078784656467,5.140659596872266e-05,11451,167393,510.0,Tulare,0.0,CD-22,2024-11-26 19:14:00,0 days 00:00:00,23,0.46579606076717667,22,167507,0.9993194314267464
687,2024-11-27,21:09:00,89434,77975,0.0684491275857331,4.1249120086434e-05,11459,167409,495.0,Tulare,0.0,CD-22,2024-11-27 21:09:00,0 days 00:00:00,24,0.4657754362071334,23,167507,0.9994149498229925
688,2024-11-29,18:55:00,89434,77975,0.0684491275857331,0.0,11459,167409,495.0,Tulare,0.0,CD-22,2024-11-29 18:55:00,0 days 00:00:00,25,0.4657754362071334,24,167507,0.9994149498229925
659,2024-12-02,18:09:00,89437,77981,0.0684275287006176,-2.1598885115520217e-05,11456,167418,495.0,Kings,0.0,CD-22,2024-12-02 18:09:00,0 days 00:00:00,26,0.4657862356496912,25,167507,0.9994686789208809
660,2024-12-03,23:53:00,89484,78023,0.0684210212110538,-6.507489563753466e-06,11461,167507,0.0,Kings,0.0,CD-22,2024-12-03 23:53:00,0 days 00:00:00,27,0.46578948939447307,26,167507,1.0
691,2024-12-04,20:15:00,89484,78023,0.0684210212110538,0.0,11461,167507,0.0,Tulare,0.0,CD-22,2024-12-04 20:15:00,0 days 00:00:00,28,0.46578948939447307,27,167507,1.0
692,2024-12-05,10:16:00,89484,78023,0.0684210212110538,0.0,11461,167507,0.0,Tulare,0.0,CD-22,2024-12-05 10:16:00,0 days 14:01:00,29,0.46578948939447307,28,167507,1.0
725,2024-11-06,17:25:00,162607,124706,0.1319153675608134,-0.0048591475185831,37901,287313,,Orange,,CD-40,2024-11-06 17:25:00,0 days 00:00:00,1,0.43404231621959327,1,383635,0.7489228042279771
726,2024-11-07,17:37:00,168515,130259,0.1280432701640705,-0.0038720973967429,38256,298774,973505.0,Orange,364055.0,CD-40,2024-11-07 17:37:00,0 days 00:00:00,2,0.43597836491796477,2,383635,0.7787975549676125
727,2024-11-08,17:12:00,176483,137389,0.1245539583014732,-0.0034893118625972,39094,313872,909758.0,Orange,323128.0,CD-40,2024-11-08 17:12:00,0 days 00:00:00,3,0.4377230208492634,3,383635,0.8181526711587838
758,2024-11-09,17:44:00,185729,146612,0.1177013970590447,-0.0068525612424284,39117,332341,673782.0,Riverside,225000.0,CD-40,2024-11-09 17:44:00,0 days 00:00:00,4,0.4411493014704776,4,383635,0.866294785408005
789,2024-11-10,19:32:00,185729,146612,0.1177013970590447,0.0,39117,332341,673782.0,San Bernardino,236630.0,CD-40,2024-11-10 19:32:00,0 days 00:00:00,5,0.4411493014704776,5,383635,0.866294785408005
730,2024-11-11,17:07:00,189324,149761,0.1166757597652506,-0.0010256372937941,39563,339085,635525.0,Orange,173895.0,CD-40,2024-11-11 17:07:00,0 days 00:00:00,7,0.4416621201173747,6,383635,0.8838739948127777
731,2024-11-12,08:08:00,189507,149983,0.1164216913605702,-0.0002540684046803,39524,339490,538415.0,Orange,173895.0,CD-40,2024-11-12 08:08:00,0 days 00:00:00,8,0.4417891543197149,7,383635,0.8849296857690252
792,2024-11-12,17:19:00,195515,155874,0.1128122963439379,-0.0036093950166323,39641,351389,482903.0,San Bernardino,191350.0,CD-40,2024-11-12 17:19:00,0 days 00:00:00,9,0.443593851828031,8,383635,0.9159461467280097
733,2024-11-13,10:32:00,195624,155950,0.1128467975447558,3.450120081795183e-05,39674,351574,422903.0,Orange,126553.0,CD-40,2024-11-13 10:32:00,0 days 00:00:00,10,0.44357660122762205,9,383635,0.9164283759302462
764,2024-11-14,03:14:00,202611,163042,0.1082146187779123,-0.0046321787668434,39569,365653,344088.0,Riverside,105000.0,CD-40,2024-11-14 03:14:00,0 days 00:00:00,11,0.4458926906110438,10,383635,0.9531273215426121
795,2024-11-14,18:06:00,203796,164148,0.1077555280151327,-0.0004590907627796,39648,367944,246283.0,San Bernardino,124075.0,CD-40,2024-11-14 18:06:00,0 days 00:00:00,12,0.4461222359924336,11,383635,0.9590991437173355
766,2024-11-15,19:06:00,205355,165705,0.1068560340645717,-0.0008994939505609,39650,371060,194011.0,Riverside,37500.0,CD-40,2024-11-15 19:06:00,0 days 00:00:00,13,0.4465719829677141,12,383635,0.9672214474696
737,2024-11-16,17:52:00,206489,166788,0.1063580129501683,-0.0004980211144033,39701,373277,164953.0,Orange,67753.0,CD-40,2024-11-16 17:52:00,0 days 00:00:00,14,0.44682099352491583,13,383635,0.9730003779634288
768,2024-11-18,09:30:00,206489,166788,0.1063580129501683,0.0,39701,373277,164553.0,Riverside,35200.0,CD-40,2024-11-18 09:30:00,0 days 00:00:00,15,0.44682099352491583,14,383635,0.9730003779634288
769,2024-11-18,18:44:00,207806,167889,0.1062484195956826,-0.0001095933544857,39917,375695,109879.0,Riverside,35200.0,CD-40,2024-11-18 18:44:00,0 days 09:14:00,16,0.4468757902021587,15,383635,0.9793032439688767
770,2024-11-19,18:03:00,209000,168966,0.1059195800680484,-0.0003288395276342,40034,377966,96665.0,Riverside,34200.0,CD-40,2024-11-19 18:03:00,0 days 00:00:00,17,0.44704020996597577,16,383635,0.9852229332568717
801,2024-11-20,17:52:00,209684,169680,0.1054501745025885,-0.0004694055654599,40004,379364,86327.0,San Bernardino,22501.0,CD-40,2024-11-20 17:52:00,0 days 00:00:00,18,0.44727491274870573,17,383635,0.9888670220391779
802,2024-11-21,18:41:00,210165,170138,0.1052502872709392,-0.0001998872316493,40027,380303,73890.0,San Bernardino,22501.0,CD-40,2024-11-21 18:41:00,0 days 00:00:00,19,0.4473748563645304,18,383635,0.9913146610710701
773,2024-11-22,20:02:00,210672,170507,0.1053704427578644,0.0001201554869251,40165,381179,54957.0,Riverside,15600.0,CD-40,2024-11-22 20:02:00,0 days 00:00:00,20,0.4473147786210678,19,383635,0.9935980815097684
744,2024-11-23,17:53:00,210992,170802,0.1052661906682661,-0.0001042520895982,40190,381794,45077.0,Orange,18127.0,CD-40,2024-11-23 17:53:00,0 days 00:00:00,21,0.4473669046658669,20,383635,0.9952011677766627
745,2024-11-25,17:56:00,211330,171006,0.1054674422497489,0.0002012515814827,40324,382336,24076.0,Orange,12676.0,CD-40,2024-11-25 17:56:00,0 days 00:00:00,22,0.44726627887512554,21,383635,0.9966139690069988
776,2024-11-26,19:14:00,211628,171294,0.1053321564182784,-0.0001352858314705,40334,382922,22833.0,Riverside,5300.0,CD-40,2024-11-26 19:14:00,0 days 00:00:00,23,0.4473339217908608,22,383635,0.9981414625881372
807,2024-11-27,21:09:00,211913,171573,0.1051928883974903,-0.000139268020788,40340,383486,14215.0,San Bernardino,450.0,CD-40,2024-11-27 21:09:00,0 days 00:00:00,24,0.4474035558012548,23,383635,0.9996116099938744
778,2024-11-29,18:55:00,211913,171573,0.1051928883974903,0.0,40340,383486,12565.0,Riverside,550.0,CD-40,2024-11-29 18:55:00,1 days 21:46:00,25,0.4474035558012548,24,383635,0.9996116099938744
749,2024-12-02,18:09:00,211956,171605,0.1052009980159609,8.109618470572566e-06,40351,383561,12238.0,Orange,11238.0,CD-40,2024-12-02 18:09:00,0 days 00:00:00,26,0.4473995009920195,25,383635,0.9998071083191054
780,2024-12-03,23:53:00,211998,171637,0.105206772061986,5.774046025044943e-06,40361,383635,0.0,Riverside,0.0,CD-40,2024-12-03 23:53:00,0 days 00:00:00,27,0.447396613969007,26,383635,1.0
751,2024-12-04,20:15:00,211998,171637,0.105206772061986,0.0,40361,383635,0.0,Orange,0.0,CD-40,2024-12-04 20:15:00,0 days 00:00:00,28,0.447396613969007,27,383635,1.0
752,2024-12-05,10:16:00,211998,171637,0.105206772061986,0.0,40361,383635,0.0,Orange,0.0,CD-40,2024-12-05 10:16:00,0 days 00:00:00,29,0.447396613969007,28,383635,1.0
815,2024-11-06,17:25:00,109874,107632,0.0103077616249666,0.0,2242,217506,,Riverside,,CD-41,2024-11-06 17:25:00,0 days 00:00:00,1,0.49484611918751664,1,354445,0.6136523296985428
816,2024-11-07,17:37:00,127288,119833,0.0301674078690196,0.0198596462440529,7455,247121,350000.0,Riverside,350000.0,CD-41,2024-11-07 17:37:00,0 days 00:00:00,2,0.4849162960654902,2,354445,0.6972054902735262
817,2024-11-08,17:12:00,127288,119833,0.0301674078690196,0.0,7455,247121,350000.0,Riverside,350000.0,CD-41,2024-11-08 17:12:00,0 days 00:00:00,3,0.4849162960654902,3,354445,0.6972054902735262
818,2024-11-09,17:44:00,143621,135741,0.0282071291013094,-0.0019602787677102,7880,279362,225000.0,Riverside,225000.0,CD-41,2024-11-09 17:44:00,0 days 00:00:00,4,0.4858964354493453,4,354445,0.7881674166654912
819,2024-11-10,19:32:00,143621,135741,0.0282071291013094,0.0,7880,279362,225000.0,Riverside,225000.0,CD-41,2024-11-10 19:32:00,0 days 00:00:00,5,0.4858964354493453,5,354445,0.7881674166654912
820,2024-11-11,17:07:00,143621,135741,0.0282071291013094,0.0,7880,279362,225000.0,Riverside,225000.0,CD-41,2024-11-11 17:07:00,0 days 00:00:00,7,0.4858964354493453,6,354445,0.7881674166654912
821,2024-11-12,08:08:00,153106,145558,0.0252725470763131,-0.0029345820249962,7548,298664,165000.0,Riverside,165000.0,CD-41,2024-11-12 08:08:00,0 days 00:00:00,8,0.4873637264618434,7,354445,0.8426243846012781
822,2024-11-12,17:19:00,153106,145558,0.0252725470763131,0.0,7548,298664,165000.0,Riverside,165000.0,CD-41,2024-11-12 17:19:00,0 days 00:00:00,9,0.4873637264618434,8,354445,0.8426243846012781
823,2024-11-13,10:32:00,161202,153079,0.0258462967853608,0.0005737497090476,8123,314281,105000.0,Riverside,105000.0,CD-41,2024-11-13 10:32:00,0 days 00:00:00,10,0.48707685160731956,9,354445,0.8866848171084372
824,2024-11-14,03:14:00,172642,162576,0.030028220441623,0.0041819236562621,10066,335218,105000.0,Riverside,105000.0,CD-41,2024-11-14 03:14:00,0 days 00:00:00,11,0.4849858897791885,10,354445,0.9457546304786356
825,2024-11-14,18:06:00,175137,164654,0.0308513174274774,0.0008230969858544,10483,339791,47500.0,Riverside,47500.0,CD-41,2024-11-14 18:06:00,0 days 00:00:00,12,0.48457434128626126,11,354445,0.9586564911340264
826,2024-11-15,19:06:00,175535,165036,0.0308276394643114,-2.36779631660744e-05,10499,340571,37500.0,Riverside,37500.0,CD-41,2024-11-15 19:06:00,0 days 00:00:00,13,0.4845861802678443,12,354445,0.9608571146440209
827,2024-11-16,17:52:00,175734,165212,0.0308611920949358,3.355263062444769e-05,10522,340946,35600.0,Riverside,35600.0,CD-41,2024-11-16 17:52:00,0 days 00:00:00,14,0.48456940395253206,13,354445,0.9619151067161337
828,2024-11-18,09:30:00,175734,165212,0.0308611920949358,0.0,10522,340946,35200.0,Riverside,35200.0,CD-41,2024-11-18 09:30:00,0 days 00:00:00,15,0.48456940395253206,14,354445,0.9619151067161337
829,2024-11-18,18:44:00,176267,165675,0.0309760134759696,0.0001148213810337,10592,341942,35200.0,Riverside,35200.0,CD-41,2024-11-18 18:44:00,0 days 00:00:00,16,0.4845119932620152,15,354445,0.9647251336596651
830,2024-11-19,18:03:00,177206,166390,0.0314788297884725,0.0005028163125029,10816,343596,34200.0,Riverside,34200.0,CD-41,2024-11-19 18:03:00,0 days 00:00:00,17,0.48426058510576375,16,354445,0.9693915840257303
831,2024-11-20,17:52:00,178985,167743,0.0324231097575044,0.0009442799690319,11242,346728,31900.0,Riverside,31900.0,CD-41,2024-11-20 17:52:00,0 days 00:00:00,18,0.4837884451212478,17,354445,0.978227933812016
832,2024-11-21,18:41:00,180490,169070,0.0326696418354502,0.0002465320779458,11420,349560,24600.0,Riverside,24600.0,CD-41,2024-11-21 18:41:00,0 days 00:00:00,19,0.48366517908227485,18,354445,0.9862178899406113
833,2024-11-22,20:02:00,181498,169862,0.0331170309653916,0.0004473891299413,11636,351360,15600.0,Riverside,15600.0,CD-41,2024-11-22 20:02:00,0 days 00:00:00,20,0.4834414845173042,19,354445,0.9912962518867525
834,2024-11-23,17:53:00,181600,169936,0.033180101042283,6.30700768913875e-05,11664,351536,9500.0,Riverside,9500.0,CD-41,2024-11-23 17:53:00,0 days 00:00:00,21,0.4834099494788585,20,354445,0.9917928028325974
835,2024-11-25,17:56:00,182041,170311,0.0332905730633003,0.0001104720210173,11730,352352,7000.0,Riverside,7000.0,CD-41,2024-11-25 17:56:00,0 days 00:00:00,22,0.48335471346834985,21,354445,0.9940949935815148
836,2024-11-26,19:14:00,182416,170596,0.0334832810216083,0.0001927079583079,11820,353012,5300.0,Riverside,5300.0,CD-41,2024-11-26 19:14:00,0 days 00:00:00,23,0.4832583594891958,22,354445,0.9959570596284332
837,2024-11-27,21:09:00,182822,170898,0.0337102793169738,0.0002269982953655,11924,353720,2200.0,Riverside,2200.0,CD-41,2024-11-27 21:09:00,0 days 00:00:00,24,0.48314486034151305,23,354445,0.9979545486605821
838,2024-11-29,18:55:00,182822,170898,0.0337102793169738,0.0,11924,353720,550.0,Riverside,550.0,CD-41,2024-11-29 18:55:00,0 days 00:00:00,25,0.48314486034151305,24,354445,0.9979545486605821
839,2024-12-02,18:09:00,183177,171202,0.0337915057043447,8.122638737090293e-05,11975,354379,550.0,Riverside,550.0,CD-41,2024-12-02 18:09:00,0 days 00:00:00,26,0.4831042471478276,25,354445,0.9998137933953082
840,2024-12-03,23:53:00,183216,171229,0.0338190692491077,2.7563544762979064e-05,11987,354445,0.0,Riverside,0.0,CD-41,2024-12-03 23:53:00,0 days 00:00:00,27,0.48309046537544614,26,354445,1.0
841,2024-12-04,20:15:00,183216,171229,0.0338190692491077,0.0,11987,354445,0.0,Riverside,0.0,CD-41,2024-12-04 20:15:00,0 days 00:00:00,28,0.48309046537544614,27,354445,1.0
842,2024-12-05,10:16:00,183216,171229,0.0338190692491077,0.0,11987,354445,0.0,Riverside,0.0,CD-41,2024-12-05 10:16:00,0 days 00:00:00,29,0.48309046537544614,28,354445,1.0
845,2024-11-06,17:25:00,123361,113225,0.0428427717616427,-0.0080227432724004,10136,236586,,Los Angeles,,CD-45,2024-11-06 17:25:00,0 days 00:00:00,1,0.4785786141191786,1,315875,0.7489861495844875
876,2024-11-07,17:37:00,126924,117564,0.0382840875625797,-0.0045586841990629,9360,244488,1320476.0,Orange,364055.0,CD-45,2024-11-07 17:37:00,0 days 00:00:00,2,0.48085795621871014,2,315875,0.774002374356945
847,2024-11-08,17:12:00,132973,125383,0.0293780674727894,-0.0089060200897902,7590,258356,1279549.0,Los Angeles,956421.0,CD-45,2024-11-08 17:12:00,0 days 00:00:00,3,0.48531096626360526,3,315875,0.8179058171745153
878,2024-11-09,17:44:00,137696,130795,0.0257029099671869,-0.0036751575056025,6901,268491,772152.0,Orange,212152.0,CD-45,2024-11-09 17:44:00,0 days 00:00:00,4,0.48714854501640653,4,315875,0.849991294024535
849,2024-11-10,19:32:00,138573,132445,0.0226110442848814,-0.0030918656823055,6128,271018,537452.0,Los Angeles,325300.0,CD-45,2024-11-10 19:32:00,0 days 00:00:00,5,0.48869447785755926,5,315875,0.857991294024535
880,2024-11-11,17:07:00,143184,139276,0.0138355873398003,-0.0087754569450811,3908,282460,361195.0,Orange,173895.0,CD-45,2024-11-11 17:07:00,0 days 00:00:00,7,0.49308220633009986,6,315875,0.8942144835773644
851,2024-11-12,08:08:00,143184,139276,0.0138355873398003,0.0,3908,282460,326195.0,Los Angeles,152300.0,CD-45,2024-11-12 08:08:00,0 days 00:00:00,8,0.49308220633009986,7,315875,0.8942144835773644
852,2024-11-12,17:19:00,147100,144828,0.0077827409498232,-0.006052846389977,2272,291928,268453.0,Los Angeles,141900.0,CD-45,2024-11-12 17:19:00,0 days 00:00:00,9,0.4961086295250884,8,315875,0.9241883656509695
883,2024-11-13,10:32:00,147100,144828,0.0077827409498232,0.0,2272,291928,268453.0,Orange,126553.0,CD-45,2024-11-13 10:32:00,0 days 00:00:00,10,0.4961086295250884,9,315875,0.9241883656509695
854,2024-11-14,03:14:00,151395,151046,0.0011539440750427,-0.0066287968747805,349,302441,200438.0,Los Angeles,120400.0,CD-45,2024-11-14 03:14:00,0 days 00:00:00,11,0.4994230279624786,10,315875,0.9574705184012663
855,2024-11-14,18:06:00,152021,151785,0.0007768115178765,-0.0003771325571661,236,303806,174108.0,Los Angeles,99400.0,CD-45,2024-11-14 18:06:00,0 days 00:00:00,12,0.4996115942410617,11,315875,0.9617918480411555
886,2024-11-15,19:06:00,152415,152357,0.0001903061961072,-0.0005865053217692,58,304772,151311.0,Orange,71911.0,CD-45,2024-11-15 19:06:00,0 days 00:00:00,13,0.49990484690194636,12,315875,0.9648500197863079
887,2024-11-16,17:52:00,152945,152981,0.0001176755163013,-7.263067980592618e-05,36,305926,147153.0,Orange,67753.0,CD-45,2024-11-16 17:52:00,0 days 00:00:00,14,0.5000588377581506,13,315875,0.9685033636723387
858,2024-11-18,09:30:00,152945,152981,0.0001176755163013,0.0,36,305926,147153.0,Los Angeles,79400.0,CD-45,2024-11-18 09:30:00,0 days 00:00:00,15,0.5000588377581506,14,315875,0.9685033636723387
859,2024-11-18,18:44:00,153722,153824,0.0003316577032378,0.0002139821869365,102,307546,95379.0,Los Angeles,43800.0,CD-45,2024-11-18 18:44:00,0 days 00:00:00,16,0.500165828851619,15,315875,0.9736319746735259
860,2024-11-19,18:02:00,154776,155090,0.0010133412507341,0.0006816835474962,314,309866,71955.0,Los Angeles,32300.0,CD-45,2024-11-19 18:02:00,0 days 00:00:00,17,0.5005066706253671,16,315875,0.9809766521567076
891,2024-11-20,17:52:00,155465,155862,0.0012751865401972,0.000261845289463,397,311327,64226.0,Orange,31926.0,CD-45,2024-11-20 17:52:00,0 days 00:00:00,18,0.5006375932700986,17,315875,0.985601899485556
892,2024-11-21,18:45:00,156096,156576,0.0015351550506601,0.0002599685104628,480,312672,46489.0,Orange,26789.0,CD-45,2024-11-21 18:45:00,0 days 00:04:00,19,0.5007675775253301,18,315875,0.9898599129402453
863,2024-11-22,20:02:00,156556,157075,0.0016548109083604,0.0001196558577003,519,313631,41607.0,Los Angeles,19700.0,CD-45,2024-11-22 20:02:00,0 days 00:00:00,20,0.5008274054541803,19,315875,0.9928959240205778
894,2024-11-23,17:53:00,156882,157427,0.0017339624382375,7.915152987706883e-05,545,314309,37827.0,Orange,18127.0,CD-45,2024-11-23 17:53:00,0 days 00:00:00,21,0.5008669812191188,20,315875,0.9950423426988524
895,2024-11-25,17:56:00,157041,157622,0.0018464198205699,0.0001124573823324,581,314663,32376.0,Orange,12676.0,CD-45,2024-11-25 17:56:00,0 days 00:00:00,22,0.5009232099102849,21,315875,0.9961630391768896
866,2024-11-26,19:14:00,157347,157960,0.0019441369839553,9.77171633853766e-05,613,315307,32833.0,Los Angeles,19700.0,CD-45,2024-11-26 19:14:00,0 days 00:00:00,23,0.5009720684919776,22,315875,0.9982018203403245
897,2024-11-27,21:09:00,157508,158104,0.0018883946111047,-5.574237285054548e-05,596,315612,11565.0,Orange,11565.0,CD-45,2024-11-27 21:09:00,0 days 00:00:00,24,0.5009441973055524,23,315875,0.9991673921646221
898,2024-11-29,18:55:00,157508,158104,0.0018883946111047,0.0,596,315612,11565.0,Orange,11565.0,CD-45,2024-11-29 18:55:00,0 days 00:00:00,25,0.5009441973055524,24,315875,0.9991673921646221
899,2024-12-02,18:09:00,157564,158179,0.0019477866492685,5.939203816377652e-05,615,315743,11238.0,Orange,11238.0,CD-45,2024-12-02 18:09:00,0 days 00:00:00,26,0.5009738933246343,25,315875,0.9995821131776811
900,2024-12-03,23:53:00,157611,158264,0.0020672734467748,0.0001194867975062,653,315875,0.0,Orange,0.0,CD-45,2024-12-03 23:53:00,0 days 00:00:00,27,0.5010336367233874,26,315875,1.0
871,2024-12-04,20:15:00,157611,158264,0.0020672734467748,0.0,653,315875,0.0,Los Angeles,0.0,CD-45,2024-12-04 20:15:00,0 days 00:00:00,28,0.5010336367233874,27,315875,1.0
902,2024-12-05,10:16:00,157611,158264,0.0020672734467748,0.0,653,315875,0.0,Orange,0.0,CD-45,2024-12-05 10:16:00,0 days 00:00:00,29,0.5010336367233874,28,315875,1.0
905,2024-11-06,17:25:00,134001,132868,0.004245528705095,-0.0074470610675792,1133,266869,,Orange,,CD-47,2024-11-06 17:25:00,0 days 00:00:00,1,0.4978772356474525,1,353275,0.7554143372726629
906,2024-11-07,17:37:00,138193,137577,0.0022337455125648,-0.0020117831925301,616,275770,364055.0,Orange,364055.0,CD-47,2024-11-07 17:37:00,0 days 00:00:00,2,0.4988831272437176,2,353275,0.780610006368976
907,2024-11-08,17:12:00,142668,142746,0.0002732872248733,-0.0019604582876914,78,285414,328128.0,Orange,328128.0,CD-47,2024-11-08 17:12:00,0 days 00:00:00,3,0.5001366436124367,3,353275,0.8079088528766541
908,2024-11-09,17:44:00,148541,151254,0.0090495171700662,0.0087762299451928,2713,299795,212152.0,Orange,212152.0,CD-47,2024-11-09 17:44:00,0 days 00:00:00,4,0.5045247585850331,4,353275,0.8486165168777864
909,2024-11-10,19:32:00,148541,151254,0.0090495171700662,0.0,2713,299795,212152.0,Orange,212152.0,CD-47,2024-11-10 19:32:00,0 days 00:00:00,5,0.5045247585850331,5,353275,0.8486165168777864
910,2024-11-11,17:07:00,151693,154907,0.0104827136333985,0.0014331964633323,3214,306600,173895.0,Orange,173895.0,CD-47,2024-11-11 17:07:00,0 days 00:00:00,7,0.5052413568166992,6,353275,0.8678791309886066
911,2024-11-12,08:08:00,151693,154907,0.0104827136333985,0.0,3214,306600,173895.0,Orange,173895.0,CD-47,2024-11-12 08:08:00,0 days 00:00:00,8,0.5052413568166992,7,353275,0.8678791309886066
912,2024-11-12,17:19:00,158460,164372,0.0183129305645041,0.0078302169311055,5912,322832,126553.0,Orange,126553.0,CD-47,2024-11-12 17:19:00,0 days 00:00:00,9,0.5091564652822521,8,353275,0.9138263392541222
913,2024-11-13,10:32:00,158460,164372,0.0183129305645041,0.0,5912,322832,126553.0,Orange,126553.0,CD-47,2024-11-13 10:32:00,0 days 00:00:00,10,0.5091564652822521,9,353275,0.9138263392541222
914,2024-11-14,03:14:00,164311,173069,0.0259588594463216,0.0076459288818175,8758,337380,80038.0,Orange,80038.0,CD-47,2024-11-14 03:14:00,0 days 00:00:00,11,0.5129794297231608,10,353275,0.9550067228080108
915,2024-11-14,18:06:00,165056,173900,0.0260918821321941,0.0001330226858724,8844,338956,74708.0,Orange,74708.0,CD-47,2024-11-14 18:06:00,0 days 00:00:00,12,0.513045941066097,11,353275,0.9594678366711485
916,2024-11-15,19:06:00,165337,174333,0.0264845291017752,0.0003926469695811,8996,339670,71911.0,Orange,71911.0,CD-47,2024-11-15 19:06:00,0 days 00:00:00,13,0.5132422645508876,12,353275,0.9614889250583822
917,2024-11-16,17:52:00,165959,175216,0.0271327031582032,0.000648174056428,9257,341175,67753.0,Orange,67753.0,CD-47,2024-11-16 17:52:00,0 days 00:00:00,14,0.5135663515791017,13,353275,0.9657490623451985
918,2024-11-18,09:30:00,165959,175216,0.0271327031582032,0.0,9257,341175,67753.0,Orange,67753.0,CD-47,2024-11-18 09:30:00,0 days 00:00:00,15,0.5135663515791017,14,353275,0.9657490623451985
919,2024-11-18,18:44:00,166785,176242,0.0275692583965693,0.000436555238366,9457,343027,51579.0,Orange,51579.0,CD-47,2024-11-18 18:44:00,0 days 00:00:00,16,0.5137846291982847,15,353275,0.9709914372655863
920,2024-11-19,18:02:00,168221,177918,0.028014757077359,0.0004454986807897,9697,346139,39655.0,Orange,39655.0,CD-47,2024-11-19 18:02:00,0 days 00:00:00,17,0.5140073785386795,16,353275,0.9798004387516807
921,2024-11-20,17:52:00,169167,179003,0.0282505672516299,0.0002358101742708,9836,348170,31926.0,Orange,31926.0,CD-47,2024-11-20 17:52:00,0 days 00:00:00,18,0.514125283625815,17,353275,0.9855495010968792
922,2024-11-21,18:41:00,169718,179698,0.0285619433569155,0.0003113761052855,9980,349416,26789.0,Orange,26789.0,CD-47,2024-11-21 18:41:00,0 days 00:00:00,19,0.5142809716784578,18,353275,0.9890764984785224
923,2024-11-22,20:02:00,170323,180378,0.0286711472165748,0.0001092038596592,10055,350701,21907.0,Orange,21907.0,CD-47,2024-11-22 20:02:00,0 days 00:00:00,20,0.5143355736082874,19,353275,0.9927138914443422
924,2024-11-23,17:53:00,170807,180928,0.0287745035324889,0.0001033563159141,10121,351735,18127.0,Orange,18127.0,CD-47,2024-11-23 17:53:00,0 days 00:00:00,21,0.5143872517662444,20,353275,0.9956407897530253
925,2024-11-25,17:56:00,170962,181085,0.0287546833235335,-1.982020895544348e-05,10123,352047,12676.0,Orange,12676.0,CD-47,2024-11-25 17:56:00,0 days 00:00:00,22,0.5143773416617667,21,353275,0.9965239544264384
926,2024-11-26,19:14:00,171378,181501,0.0286868870065943,-6.77963169391782e-05,10123,352879,13133.0,Orange,13133.0,CD-47,2024-11-26 19:14:00,0 days 00:00:00,23,0.5143434435032972,22,353275,0.9988790602222065
927,2024-11-27,21:09:00,171501,181655,0.0287521661815175,6.527917492318847e-05,10154,353156,11565.0,Orange,11565.0,CD-47,2024-11-27 21:09:00,0 days 00:00:00,24,0.5143760830907588,23,353275,0.9996631519354611
928,2024-11-29,18:55:00,171501,181655,0.0287521661815175,0.0,10154,353156,11565.0,Orange,11565.0,CD-47,2024-11-29 18:55:00,0 days 00:00:00,25,0.5143760830907588,24,353275,0.9996631519354611
929,2024-12-02,18:09:00,171524,181694,0.0287924171474839,4.0250965966475566e-05,10170,353218,11238.0,Orange,11238.0,CD-47,2024-12-02 18:09:00,0 days 00:00:00,26,0.514396208573742,25,353275,0.9998386526077419
930,2024-12-03,23:53:00,171554,181721,0.0287792795980468,-1.3137549437144956e-05,10167,353275,0.0,Orange,0.0,CD-47,2024-12-03 23:53:00,0 days 00:00:00,27,0.5143896397990234,26,353275,1.0
931,2024-12-04,20:15:00,171554,181721,0.0287792795980468,0.0,10167,353275,0.0,Orange,0.0,CD-47,2024-12-04 20:15:00,0 days 00:00:00,28,0.5143896397990234,27,353275,1.0
932,2024-12-05,10:16:00,171554,181721,0.0287792795980468,0.0,10167,353275,0.0,Orange,0.0,CD-47,2024-12-05 10:16:00,0 days 00:00:00,29,0.5143896397990234,28,353275,1.0
965,2024-11-06,17:25:00,133642,138863,0.0191592814810737,0.000181222656889,5221,272505,,San Diego,,CD-49,2024-11-06 17:25:00,0 days 00:00:00,1,0.5095796407405369,1,378347,0.7202515151435058
936,2024-11-07,17:37:00,139354,145722,0.0223379028750228,0.003178621393949,6368,285076,858293.0,Orange,364055.0,CD-49,2024-11-07 17:37:00,0 days 00:00:00,2,0.5111689514375114,2,378347,0.7534776276804098
937,2024-11-08,17:12:00,140869,147300,0.0223167655091283,-2.1137365894475377e-05,6431,288169,822366.0,Orange,328128.0,CD-49,2024-11-08 17:12:00,0 days 00:00:00,3,0.5111583827545642,3,378347,0.7616526627672481
938,2024-11-09,17:44:00,156630,167787,0.0343909227938116,0.0120741572846833,11157,324417,462152.0,Orange,212152.0,CD-49,2024-11-09 17:44:00,0 days 00:00:00,4,0.5171954613969059,4,378347,0.857458893555387
939,2024-11-10,19:32:00,156630,167787,0.0343909227938116,0.0,11157,324417,352152.0,Orange,212152.0,CD-49,2024-11-10 19:32:00,0 days 00:00:00,5,0.5171954613969059,5,378347,0.857458893555387
940,2024-11-11,17:07:00,165139,179184,0.0407901882825138,0.0063992654887021,14045,344323,313895.0,Orange,173895.0,CD-49,2024-11-11 17:07:00,0 days 00:00:00,7,0.520395094141257,6,378347,0.9100719709684496
971,2024-11-12,08:08:00,165139,179184,0.0407901882825138,0.0,14045,344323,303838.0,San Diego,129943.0,CD-49,2024-11-12 08:08:00,0 days 15:01:00,8,0.520395094141257,7,378347,0.9100719709684496
942,2024-11-12,17:19:00,167492,181691,0.0406634916361907,-0.000126696646323,14199,349183,256496.0,Orange,126553.0,CD-49,2024-11-12 17:19:00,0 days 00:00:00,9,0.5203317458180954,8,378347,0.92291732192934
973,2024-11-13,10:32:00,167491,181691,0.0406664719258151,2.980289624428256e-06,14200,349182,256496.0,San Diego,129943.0,CD-49,2024-11-13 10:32:00,0 days 00:00:00,10,0.5203332359629076,9,378347,0.9229146788530106
974,2024-11-14,03:14:00,173825,189810,0.0439589148459306,0.0032924429201154,15985,363635,147038.0,San Diego,67000.0,CD-49,2024-11-14 03:14:00,0 days 00:00:00,11,0.5219794574229654,10,378347,0.9611150610418479
945,2024-11-14,18:06:00,174072,190042,0.0438598900344397,-9.90248114909123e-05,15970,364114,141708.0,Orange,74708.0,CD-49,2024-11-14 18:06:00,0 days 00:00:00,12,0.5219299450172199,11,378347,0.9623810946036311
976,2024-11-15,19:06:00,175426,192312,0.0459185615846064,0.0020586715501666,16886,367738,118411.0,San Diego,46500.0,CD-49,2024-11-15 19:06:00,0 days 00:00:00,13,0.5229592807923032,12,378347,0.9719596032213814
947,2024-11-16,17:52:00,175656,192513,0.0457860384768951,-0.0001325231077113,16857,368169,114253.0,Orange,67753.0,CD-49,2024-11-16 17:52:00,0 days 00:00:00,14,0.5228930192384476,13,378347,0.9730987691193534
978,2024-11-18,09:30:00,175656,192513,0.0457860384768951,0.0,16857,368169,114253.0,San Diego,46500.0,CD-49,2024-11-18 09:30:00,0 days 00:00:00,15,0.5228930192384476,14,378347,0.9730987691193534
949,2024-11-18,18:44:00,175967,192719,0.0454370385639812,-0.0003489999129138,16752,368686,98079.0,Orange,51579.0,CD-49,2024-11-18 18:44:00,0 days 00:00:00,16,0.5227185192819906,15,378347,0.9744652395816539
980,2024-11-19,18:02:00,176524,193114,0.0448817491708103,-0.0005552893931709,16590,369638,86155.0,San Diego,46500.0,CD-49,2024-11-19 18:02:00,0 days 00:00:00,17,0.5224408745854052,16,378347,0.976981448247244
981,2024-11-20,17:52:00,176859,193357,0.0445631739308943,-0.0003185752399159,16498,370216,78426.0,San Diego,46500.0,CD-49,2024-11-20 17:52:00,0 days 00:00:00,18,0.5222815869654472,17,378347,0.9785091463656379
982,2024-11-21,18:41:00,179384,196056,0.0444065629661197,-0.0001566109647746,16672,375440,38789.0,San Diego,12000.0,CD-49,2024-11-21 18:41:00,0 days 00:00:00,19,0.5222032814830598,18,378347,0.9923165771104304
983,2024-11-22,20:02:00,179540,196182,0.0442933871319752,-0.0001131758341445,16642,375722,33907.0,San Diego,12000.0,CD-49,2024-11-22 20:02:00,0 days 00:00:00,20,0.5221466935659876,19,378347,0.9930619246353215
954,2024-11-23,17:53:00,179832,196423,0.0440950950817929,-0.0001982920501823,16591,376255,30127.0,Orange,18127.0,CD-49,2024-11-23 17:53:00,0 days 00:00:00,21,0.5220475475408964,20,378347,0.9944706843188924
985,2024-11-25,17:56:00,179890,196473,0.0440611856107003,-3.390947109262882e-05,16583,376363,24676.0,San Diego,12000.0,CD-49,2024-11-25 17:56:00,0 days 00:00:00,22,0.5220305928053501,21,378347,0.9947561365624678
956,2024-11-26,19:14:00,180041,196569,0.0438862483736491,-0.0001749372370511,16528,376610,25133.0,Orange,13133.0,CD-49,2024-11-26 19:14:00,0 days 00:00:00,23,0.5219431241868245,22,378347,0.9954089764158299
957,2024-11-27,21:09:00,180846,197309,0.0435350583755338,-0.0003511899981152,16463,378155,23565.0,Orange,11565.0,CD-49,2024-11-27 21:09:00,0 days 00:00:00,24,0.5217675291877669,23,378347,0.999492529344755
988,2024-11-29,18:55:00,180846,197309,0.0435350583755338,0.0,16463,378155,11565.0,San Diego,0.0,CD-49,2024-11-29 18:55:00,0 days 00:00:00,25,0.5217675291877669,24,378347,0.999492529344755
959,2024-12-02,18:09:00,180857,197316,0.0435224090561727,-1.2649319361138224e-05,16459,378173,11238.0,Orange,11238.0,CD-49,2024-12-02 18:09:00,0 days 00:00:00,26,0.5217612045280864,25,378347,0.9995401047186842
990,2024-12-03,23:53:00,180950,197397,0.0434706763896634,-5.173266650924935e-05,16447,378347,0.0,San Diego,0.0,CD-49,2024-12-03 23:53:00,0 days 00:00:00,27,0.5217353381948318,26,378347,1.0
961,2024-12-04,20:15:00,180950,197397,0.0434706763896634,0.0,16447,378347,0.0,Orange,0.0,CD-49,2024-12-04 20:15:00,0 days 00:00:00,28,0.5217353381948318,27,378347,1.0
992,2024-12-05,10:16:00,180950,197397,0.0434706763896634,0.0,16447,378347,0.0,San Diego,0.0,CD-49,2024-12-05 10:16:00,0 days 00:00:00,29,0.5217353381948318,28,378347,1.0
302,2024-11-06,17:25:00,72107,74156,0.0140090111648195,0.0,2049,146263,,Contra Costa,,CD-9,2024-11-06 17:25:00,0 days 00:00:00,1,0.5070045055824097,1,251357,0.5818934821787338
363,2024-11-07,17:37:00,72150,74163,0.0137581759652252,-0.0002508351995943,2013,146313,370301.0,Stanislaus,69790.0,CD-9,2024-11-07 17:37:00,0 days 00:00:00,2,0.5068790879826126,2,251357,0.5820924024395581
304,2024-11-08,17:12:00,72783,74730,0.0131988367126965,-0.0005593392525287,1947,147513,262801.0,Contra Costa,84200.0,CD-9,2024-11-08 17:12:00,0 days 00:00:00,3,0.5065994183563483,3,251357,0.58686648869934
305,2024-11-09,17:44:00,81504,85528,0.0240911921069016,0.0108923553942051,4024,167032,262801.0,Contra Costa,84200.0,CD-9,2024-11-09 17:44:00,0 days 00:00:00,4,0.5120455960534508,4,251357,0.6645209801199091
306,2024-11-10,19:32:00,81504,85528,0.0240911921069016,0.0,4024,167032,262801.0,Contra Costa,84200.0,CD-9,2024-11-10 19:32:00,0 days 00:00:00,5,0.5120455960534508,5,251357,0.6645209801199091
367,2024-11-11,17:07:00,81504,85528,0.0240911921069016,0.0,4024,167032,208361.0,Stanislaus,69790.0,CD-9,2024-11-11 17:07:00,0 days 12:00:00,7,0.5120455960534508,6,251357,0.6645209801199091
338,2024-11-12,08:08:00,93522,100646,0.0366898768077129,0.0125986847008112,7124,194168,208361.0,San Joaquin,54371.0,CD-9,2024-11-12 08:08:00,0 days 00:00:00,8,0.5183449384038564,7,251357,0.7724789840744439
339,2024-11-12,17:19:00,93574,100665,0.0365065718007197,-0.0001833050069931,7091,194239,208271.0,San Joaquin,54371.0,CD-9,2024-11-12 17:19:00,0 days 00:00:00,9,0.5182532859003599,8,251357,0.7727614508448144
340,2024-11-13,10:32:00,93574,100665,0.0365065718007197,0.0,7091,194239,192854.0,San Joaquin,54371.0,CD-9,2024-11-13 10:32:00,0 days 00:00:00,10,0.5182532859003599,9,251357,0.7727614508448144
371,2024-11-14,03:14:00,108946,117071,0.035948623333643,-0.0005579484670766,8125,226017,93244.0,Stanislaus,54283.0,CD-9,2024-11-14 03:14:00,0 days 00:00:00,11,0.5179743116668215,10,251357,0.8991872118142721
342,2024-11-14,18:06:00,108991,117090,0.0358234438099619,-0.0001251795236811,8099,226081,93244.0,San Joaquin,23811.0,CD-9,2024-11-14 18:06:00,0 days 01:18:00,12,0.5179117219049809,11,251357,0.8994418297481271
373,2024-11-15,19:08:00,114580,123553,0.0376806238530569,0.0018571800430949,8973,238133,70906.0,Stanislaus,32495.0,CD-9,2024-11-15 19:08:00,0 days 00:02:00,13,0.5188403119265285,12,251357,0.9473895694172034
344,2024-11-16,17:52:00,114580,123553,0.0376806238530569,0.0,8973,238133,58178.0,San Joaquin,11083.0,CD-9,2024-11-16 17:52:00,0 days 00:00:00,14,0.5188403119265285,13,251357,0.9473895694172034
375,2024-11-18,09:30:00,114580,123553,0.0376806238530569,0.0,8973,238133,58178.0,Stanislaus,32495.0,CD-9,2024-11-18 09:30:00,0 days 00:00:00,15,0.5188403119265285,14,251357,0.9473895694172034
316,2024-11-18,18:44:00,114684,123656,0.0376437022740622,-3.6921578994639215e-05,8972,238340,58178.0,Contra Costa,14600.0,CD-9,2024-11-18 18:44:00,0 days 00:00:00,16,0.5188218511370312,15,251357,0.9482130992970158
317,2024-11-19,18:03:00,114790,123678,0.0372712481339215,-0.0003724541401407,8888,238468,57962.0,Contra Costa,14600.0,CD-9,2024-11-19 18:03:00,0 days 00:00:00,17,0.5186356240669607,16,251357,0.9487223351647258
378,2024-11-20,17:52:00,115312,124329,0.0376271172295224,0.0003558690956009,9017,239641,30421.0,Stanislaus,4954.0,CD-9,2024-11-20 17:52:00,0 days 00:00:00,18,0.5188135586147612,17,251357,0.9533890044836627
349,2024-11-21,18:41:00,115317,124332,0.0376175156165892,-9.60161293322992e-06,9015,239649,28210.0,San Joaquin,9765.0,CD-9,2024-11-21 18:41:00,0 days 00:00:00,19,0.5188087578082946,18,251357,0.9534208317253946
380,2024-11-22,20:02:00,115952,124885,0.0370914768079655,-0.0005260388086237,8933,240837,18610.0,Stanislaus,3845.0,CD-9,2024-11-22 20:02:00,0 days 00:00:00,20,0.5185457384039828,19,251357,0.9581471771225787
381,2024-11-23,17:53:00,115952,124885,0.0370914768079655,0.0,8933,240837,17949.0,Stanislaus,3845.0,CD-9,2024-11-23 17:53:00,0 days 21:51:00,21,0.5185457384039828,20,251357,0.9581471771225787
322,2024-11-25,18:56:00,116929,125773,0.0364397491574029,-0.0006517276505626,8844,242702,17949.0,Contra Costa,5000.0,CD-9,2024-11-25 18:56:00,0 days 00:00:00,22,0.5182198745787014,21,251357,0.9655669028513231
353,2024-11-26,19:14:00,116934,125773,0.0364183974916257,-2.135166577720005e-05,8839,242707,15093.0,San Joaquin,6248.0,CD-9,2024-11-26 19:14:00,0 days 00:00:00,23,0.5182091987458128,22,251357,0.9655867948774054
324,2024-11-27,21:09:00,119126,127678,0.0346509781040825,-0.0017674193875431,8552,246804,6444.0,Contra Costa,0.0,CD-9,2024-11-27 21:09:00,0 days 00:00:00,24,0.5173254890520413,23,251357,0.9818863210493441
325,2024-11-29,18:55:00,119782,128493,0.0350860940489376,0.000435115944855,8711,248275,2507.0,Contra Costa,0.0,CD-9,2024-11-29 18:55:00,0 days 00:00:00,25,0.5175430470244688,24,251357,0.9877385551227935
356,2024-12-02,18:08:00,121171,130182,0.0358499799087339,0.0007638858597962,9011,251353,196.0,San Joaquin,0.0,CD-9,2024-12-02 18:08:00,0 days 00:00:00,26,0.517924989954367,25,251357,0.999984086379134
327,2024-12-03,23:53:00,121174,130183,0.0358414525953126,-8.52731342129015e-06,9009,251357,0.0,Contra Costa,0.0,CD-9,2024-12-03 23:53:00,1 days 05:44:00,27,0.5179207262976563,26,251357,1.0
328,2024-12-04,20:15:00,121174,130183,0.0358414525953126,0.0,9009,251357,0.0,Contra Costa,0.0,CD-9,2024-12-04 20:15:00,0 days 00:00:00,28,0.5179207262976563,27,251357,1.0
329,2024-12-05,10:16:00,121174,130183,0.0358414525953126,0.0,9009,251357,0.0,Contra Costa,0.0,CD-9,2024-12-05 10:16:00,0 days 00:00:00,29,0.5179207262976563,28,251357,1.0
1053,2024-11-06,17:25:00,136705,119917,0.0654191768437624,0.0067203258755024,16788,256622,,Riverside,,SD-19,2024-11-06 17:25:00,0 days 00:00:00,1,0.4672904115781188,1,383030,0.6699788528313709
1084,2024-11-07,17:37:00,141582,123971,0.0663182114304865,0.0008990345867241,17611,265553,609450.0,San Bernardino,259450.0,SD-19,2024-11-07 17:37:00,0 days 00:00:00,2,0.4668408942847567,2,383030,0.6932955643161111
1085,2024-11-08,17:12:00,142428,124582,0.0668364480731058,0.0005182366426193,17846,267010,586630.0,San Bernardino,236630.0,SD-19,2024-11-08 17:12:00,0 days 00:00:00,3,0.4665817759634471,3,383030,0.6970994439077879
1086,2024-11-09,17:44:00,153626,134890,0.0649392061445465,-0.0018972419285592,18736,288516,461630.0,San Bernardino,236630.0,SD-19,2024-11-09 17:44:00,0 days 00:00:00,4,0.4675303969277267,4,383030,0.7532464819987991
1057,2024-11-10,19:32:00,153626,134890,0.0649392061445465,0.0,18736,288516,461630.0,Riverside,225000.0,SD-19,2024-11-10 19:32:00,0 days 00:00:00,5,0.4675303969277267,5,383030,0.7532464819987991
1088,2024-11-11,17:07:00,158684,137700,0.0708000431872165,0.00586083704267,20984,296384,461630.0,San Bernardino,236630.0,SD-19,2024-11-11 17:07:00,0 days 00:00:00,7,0.4645999784063917,6,383030,0.7737879539461661
1089,2024-11-12,08:08:00,164501,143515,0.0681328242688691,-0.0026672189183474,20986,308016,364520.0,San Bernardino,199520.0,SD-19,2024-11-12 08:08:00,0 days 00:00:00,8,0.46593358786556544,7,383030,0.8041563324021617
1060,2024-11-12,19:20:00,174086,149893,0.0746745931063433,0.0065417688374741,24193,323979,364520.0,Riverside,165000.0,SD-19,2024-11-12 19:20:00,0 days 00:00:00,9,0.46266270344682836,8,383030,0.8458319191708221
1091,2024-11-13,10:32:00,174086,149893,0.0746745931063433,0.0,24193,323979,296350.0,San Bernardino,191350.0,SD-19,2024-11-13 10:32:00,0 days 00:00:00,10,0.46266270344682836,9,383030,0.8458319191708221
1092,2024-11-14,03:14:00,183122,155857,0.0804327111708985,0.0057581180645551,27265,338979,264050.0,San Bernardino,159050.0,SD-19,2024-11-14 03:14:00,0 days 00:00:00,11,0.4597836444145508,10,383030,0.8849933425580242
1093,2024-11-14,18:06:00,188715,159581,0.0836472425752807,0.0032145314043822,29134,348296,171575.0,San Bernardino,124075.0,SD-19,2024-11-14 18:06:00,0 days 00:00:00,12,0.4581763787123596,11,383030,0.9093178080045949
1094,2024-11-15,19:06:00,193243,162792,0.0855281081916103,0.0018808656163295,30451,356035,122100.0,San Bernardino,84600.0,SD-19,2024-11-15 19:06:00,0 days 00:00:00,13,0.4572359459041948,12,383030,0.929522491710832
1095,2024-11-16,17:52:00,196246,164658,0.0875246602974752,0.0019965521058648,31588,360904,97200.0,San Bernardino,61600.0,SD-19,2024-11-16 17:52:00,0 days 00:00:00,14,0.4562376698512624,13,383030,0.9422342897423178
1096,2024-11-18,09:30:00,196246,164658,0.0875246602974752,0.0,31588,360904,96800.0,San Bernardino,61600.0,SD-19,2024-11-18 09:30:00,0 days 00:00:00,15,0.4562376698512624,14,383030,0.9422342897423178
1097,2024-11-18,18:44:00,201808,167613,0.09256376870833,0.0050391084108548,34195,369421,58300.0,San Bernardino,23100.0,SD-19,2024-11-18 18:44:00,0 days 00:00:00,16,0.453718115645835,15,383030,0.9644701459415712
1098,2024-11-19,18:02:00,202912,168450,0.0927989401177288,0.0002351714093987,34462,371362,57010.0,San Bernardino,22810.0,SD-19,2024-11-19 18:02:00,0 days 23:18:00,17,0.4536005299411356,16,383030,0.9695376341278751
1099,2024-11-20,17:52:00,203783,169127,0.0929339518918773,0.0001350117741485,34656,372910,54401.0,San Bernardino,22501.0,SD-19,2024-11-20 17:52:00,0 days 23:49:00,18,0.4535330240540613,17,383030,0.9735790930214343
1070,2024-11-21,18:41:00,204869,170066,0.0928240895088482,-0.0001098623830291,34803,374935,47101.0,Riverside,24600.0,SD-19,2024-11-21 18:41:00,0 days 00:00:00,19,0.4535879552455759,18,383030,0.9788658851787067
1071,2024-11-22,20:02:00,206206,171020,0.0932756490803921,0.0004515595715439,35186,377226,33050.0,Riverside,15600.0,SD-19,2024-11-22 20:02:00,0 days 00:00:00,20,0.45336217545980395,19,383030,0.9848471399107119
1072,2024-11-23,17:53:00,206467,171193,0.0934014722236932,0.0001258231433011,35274,377660,26950.0,Riverside,9500.0,SD-19,2024-11-23 17:53:00,0 days 00:00:00,21,0.4532992638881534,20,383030,0.9859802104273817
1103,2024-11-25,17:56:00,208481,172393,0.0947504949143286,0.0013490226906353,36088,380874,11400.0,San Bernardino,4400.0,SD-19,2024-11-25 17:56:00,0 days 00:00:00,22,0.4526247525428357,21,383030,0.9943711980784795
1104,2024-11-26,19:14:00,208705,172588,0.0947224313061084,-2.8063608220191272e-05,36117,381293,9700.0,San Bernardino,4400.0,SD-19,2024-11-26 19:14:00,0 days 00:00:00,23,0.45263878434694577,22,383030,0.995465107171762
1075,2024-11-27,21:09:00,209515,173125,0.0951024461634957,0.0003800148573872,36390,382640,2650.0,Riverside,2200.0,SD-19,2024-11-27 21:09:00,0 days 00:00:00,24,0.45244877691825214,23,383030,0.9989818029919327
1106,2024-11-29,18:55:00,209515,173125,0.0951024461634957,0.0,36390,382640,1000.0,San Bernardino,450.0,SD-19,2024-11-29 18:55:00,0 days 00:00:00,25,0.45244877691825214,24,383030,0.9989818029919327
1077,2024-12-02,18:09:00,209588,173195,0.0950747551484783,-2.7691015017330955e-05,36393,382783,1000.0,Riverside,550.0,SD-19,2024-12-02 18:09:00,0 days 00:00:00,26,0.4524626224257608,25,383030,0.9993551418948907
1078,2024-12-03,23:53:00,209739,173291,0.0951570373077826,8.228215930429494e-05,36448,383030,0.0,Riverside,0.0,SD-19,2024-12-03 23:53:00,0 days 00:00:00,27,0.45242148134610866,26,383030,1.0
1109,2024-12-04,20:15:00,209739,173291,0.0951570373077826,0.0,36448,383030,0.0,San Bernardino,0.0,SD-19,2024-12-04 20:15:00,0 days 00:00:00,28,0.45242148134610866,27,383030,1.0
1110,2024-12-05,10:16:00,209739,173291,0.0951570373077826,0.0,36448,383030,0.0,San Bernardino,0.0,SD-19,2024-12-05 10:16:00,0 days 00:00:00,29,0.45242148134610866,28,383030,1.0
1111,2024-11-06,17:25:00,177844,164972,0.0375478390740222,,12872,342816,,Orange,,SD-37,2024-11-06 17:25:00,0 days 00:00:00,1,0.48122608046298887,1,458615,0.7475028073656553
1112,2024-11-07,17:37:00,183680,171458,0.0344147908700279,-0.0031330482039942,12222,355138,364055.0,Orange,364055.0,SD-37,2024-11-07 17:37:00,0 days 00:00:00,2,0.482792604564986,2,458615,0.7743706594856252
1113,2024-11-08,17:12:00,191898,180408,0.0308617105284362,-0.0035530803415917,11490,372306,323128.0,Orange,323128.0,SD-37,2024-11-08 17:12:00,0 days 00:00:00,3,0.48456914473578183,3,458615,0.811805108860373
1114,2024-11-09,17:44:00,204299,193271,0.0277385114571018,-0.0031231990713343,11028,397570,212152.0,Orange,212152.0,SD-37,2024-11-09 17:44:00,0 days 00:00:00,4,0.48613074427144903,4,458615,0.866892709571209
1115,2024-11-10,19:32:00,204299,193271,0.0277385114571018,0.0,11028,397570,212152.0,Orange,212152.0,SD-37,2024-11-10 19:32:00,0 days 00:00:00,5,0.48613074427144903,5,458615,0.866892709571209
1116,2024-11-11,17:07:00,208386,197543,0.0267115677864848,-0.001026943670617,10843,405929,173895.0,Orange,173895.0,SD-37,2024-11-11 17:07:00,0 days 00:00:00,7,0.48664421610675757,6,458615,0.8851193266683384
1117,2024-11-12,08:08:00,208386,197543,0.0267115677864848,0.0,10843,405929,173895.0,Orange,173895.0,SD-37,2024-11-12 08:08:00,0 days 00:00:00,8,0.48664421610675757,7,458615,0.8851193266683384
1118,2024-11-12,19:20:00,215929,206508,0.0223015502903391,-0.0044100174961456,9421,422437,126553.0,Orange,126553.0,SD-37,2024-11-12 19:20:00,0 days 00:00:00,9,0.4888492248548304,8,458615,0.9211146604450356
1119,2024-11-13,10:32:00,215929,206508,0.0223015502903391,0.0,9421,422437,126553.0,Orange,126553.0,SD-37,2024-11-13 10:32:00,0 days 00:00:00,10,0.4888492248548304,9,458615,0.9211146604450356
1120,2024-11-14,03:14:00,223628,216012,0.0173232644891274,-0.0049782858012116,7616,439640,80038.0,Orange,80038.0,SD-37,2024-11-14 03:14:00,0 days 00:00:00,11,0.49133836775543627,10,458615,0.9586254265560438
1121,2024-11-14,18:06:00,224427,216922,0.0170046833684906,-0.0003185811206367,7505,441349,74708.0,Orange,74708.0,SD-37,2024-11-14 18:06:00,0 days 00:00:00,12,0.49149765831575465,11,458615,0.9623518637637234
1122,2024-11-15,19:06:00,224861,217493,0.016656343109817,-0.0003483402586736,7368,442354,71911.0,Orange,71911.0,SD-37,2024-11-15 19:06:00,0 days 00:00:00,13,0.4916718284450915,12,458615,0.9645432443334824
1123,2024-11-16,17:52:00,225633,218517,0.0160216143194866,-0.0006347287903303,7116,444150,67753.0,Orange,67753.0,SD-37,2024-11-16 17:52:00,0 days 00:00:00,14,0.49198919284025666,13,458615,0.9684593831427232
1124,2024-11-18,09:30:00,225633,218517,0.0160216143194866,0.0,7116,444150,67753.0,Orange,67753.0,SD-37,2024-11-18 09:30:00,0 days 00:00:00,15,0.49198919284025666,14,458615,0.9684593831427232
1125,2024-11-18,18:44:00,226666,219719,0.0155627989291754,-0.0004588153903111,6947,446385,51579.0,Orange,51579.0,SD-37,2024-11-18 18:44:00,0 days 00:00:00,16,0.4922186005354123,15,458615,0.9733327518724857
1126,2024-11-19,18:02:00,228405,221791,0.0146913788660938,-0.0008714200630816,6614,450196,39655.0,Orange,39655.0,SD-37,2024-11-19 18:02:00,0 days 00:00:00,17,0.4926543105669531,16,458615,0.9816425542121388
1127,2024-11-20,17:52:00,229426,223041,0.0141115263654586,-0.0005798525006351,6385,452467,31926.0,Orange,31926.0,SD-37,2024-11-20 17:52:00,0 days 00:00:00,18,0.4929442368172707,17,458615,0.9865944201563402
1128,2024-11-21,18:41:00,230131,223924,0.0136701500919492,-0.0004413762735094,6207,454055,26789.0,Orange,26789.0,SD-37,2024-11-21 18:41:00,0 days 00:00:00,19,0.4931649249540254,18,458615,0.9900570195043773
1129,2024-11-22,20:02:00,230820,224692,0.0134529935545057,-0.0002171565374435,6128,455512,21907.0,Orange,21907.0,SD-37,2024-11-22 20:02:00,0 days 00:00:00,20,0.49327350322274716,19,458615,0.9932339762109831
1130,2024-11-23,17:53:00,231358,225231,0.0134190705426543,-3.3923011851365314e-05,6127,456589,18127.0,Orange,18127.0,SD-37,2024-11-23 17:53:00,0 days 00:00:00,21,0.49329046472867283,20,458615,0.9955823512096202
1131,2024-11-25,17:56:00,231566,225419,0.0134512073700449,3.2136827390633754e-05,6147,456985,12676.0,Orange,12676.0,SD-37,2024-11-25 17:56:00,0 days 00:00:00,22,0.4932743963149775,21,458615,0.9964458205684507
1132,2024-11-26,19:14:00,231976,225882,0.0133098034761869,-0.000141403893858,6094,457858,13133.0,Orange,13133.0,SD-37,2024-11-26 19:14:00,0 days 00:00:00,23,0.49334509826190653,22,458615,0.9983493780185995
1133,2024-11-27,21:09:00,232261,226178,0.0132689409059874,-4.0862570199449305e-05,6083,458439,11565.0,Orange,11565.0,SD-37,2024-11-27 21:09:00,0 days 00:00:00,24,0.49336552954700624,23,458615,0.9996162358405198
1134,2024-11-29,18:55:00,232261,226178,0.0132689409059874,0.0,6083,458439,11565.0,Orange,11565.0,SD-37,2024-11-29 18:55:00,0 days 00:00:00,25,0.49336552954700624,24,458615,0.9996162358405198
1135,2024-12-02,18:09:00,232309,226225,0.0132683726833778,-5.682226095950899e-07,6084,458534,11238.0,Orange,11238.0,SD-37,2024-12-02 18:09:00,0 days 00:01:00,26,0.49336581365831106,25,458615,0.9998233812675119
1136,2024-12-03,23:53:00,232345,226270,0.0132464049366025,-2.1967746775299057e-05,6075,458615,0.0,Orange,0.0,SD-37,2024-12-03 23:53:00,0 days 00:00:00,27,0.4933767975316987,26,458615,1.0
1137,2024-12-04,20:15:00,232345,226270,0.0132464049366025,0.0,6075,458615,0.0,Orange,0.0,SD-37,2024-12-04 20:15:00,0 days 00:00:00,28,0.4933767975316987,27,458615,1.0
1138,2024-12-05,10:16:00,232345,226270,0.0132464049366025,0.0,6075,458615,0.0,Orange,0.0,SD-37,2024-12-05 10:16:00,0 days 00:00:00,29,0.4933767975316987,28,458615,1.0
994,2024-11-06,17:25:00,90791,91382,0.0032441690041883,0.0,591,182173,,Alameda,,SD-5,2024-11-06 17:25:00,0 days 00:00:00,1,0.5016220845020941,1,358804,0.5077228793435971
1024,2024-11-07,17:37:00,90791,91382,0.0032441690041883,0.0,591,182173,569056.0,San Joaquin,108811.0,SD-5,2024-11-07 17:37:00,0 days 00:00:00,2,0.5016220845020941,2,358804,0.5077228793435971
1025,2024-11-08,17:12:00,98513,105250,0.0330629211387739,0.0298187521345856,6737,203763,569056.0,San Joaquin,108811.0,SD-5,2024-11-08 17:12:00,0 days 00:00:00,3,0.516531460569387,3,358804,0.5678950067446293
1026,2024-11-09,17:44:00,108281,116027,0.0345328744405014,0.0014699533017274,7746,224308,569056.0,San Joaquin,108811.0,SD-5,2024-11-09 17:44:00,0 days 00:00:00,4,0.5172664372202507,4,358804,0.6251546805498266
998,2024-11-10,19:32:00,108281,116027,0.0345328744405014,0.0,7746,224308,569056.0,Alameda,460245.0,SD-5,2024-11-10 19:32:00,0 days 00:00:00,5,0.5172664372202507,5,358804,0.6251546805498266
1028,2024-11-11,17:07:00,115760,129324,0.0553442901209381,0.0208114156804366,13564,245084,569056.0,San Joaquin,108811.0,SD-5,2024-11-11 17:07:00,0 days 00:00:00,7,0.5276721450604691,6,358804,0.6830581598867348
1000,2024-11-12,08:08:00,129233,144213,0.0547822970531658,-0.0005619930677722,14980,273446,241506.0,Alameda,187135.0,SD-5,2024-11-12 08:08:00,0 days 00:00:00,8,0.527391148526583,7,358804,0.7621041014035518
1030,2024-11-12,19:20:00,129233,144213,0.0547822970531658,0.0,14980,273446,241506.0,San Joaquin,54371.0,SD-5,2024-11-12 19:20:00,0 days 02:01:00,9,0.527391148526583,8,358804,0.7621041014035518
1031,2024-11-13,10:32:00,129233,144213,0.0547822970531658,0.0,14980,273446,241506.0,San Joaquin,54371.0,SD-5,2024-11-13 10:32:00,0 days 00:00:00,10,0.527391148526583,9,358804,0.7621041014035518
1032,2024-11-14,03:14:00,145608,159769,0.0463721891301571,-0.0084101079230087,14161,305377,210946.0,San Joaquin,23811.0,SD-5,2024-11-14 03:14:00,0 days 00:00:00,11,0.5231860945650786,10,358804,0.851096977737149
1033,2024-11-14,18:06:00,145608,159769,0.0463721891301571,0.0,14161,305377,210946.0,San Joaquin,23811.0,SD-5,2024-11-14 18:06:00,0 days 00:00:00,12,0.5231860945650786,11,358804,0.851096977737149
1005,2024-11-15,19:06:00,161452,182019,0.0598798734099822,0.013507684279825,20567,343471,41486.0,Alameda,17675.0,SD-5,2024-11-15 19:06:00,1 days 01:00:00,13,0.5299399367049911,12,358804,0.9572663626938385
1006,2024-11-16,17:52:00,161452,182019,0.0598798734099822,0.0,20567,343471,28758.0,Alameda,17675.0,SD-5,2024-11-16 17:52:00,0 days 00:00:00,14,0.5299399367049911,13,358804,0.9572663626938385
1036,2024-11-18,09:30:00,161452,182019,0.0598798734099822,0.0,20567,343471,28758.0,San Joaquin,11083.0,SD-5,2024-11-18 09:30:00,0 days 00:00:00,15,0.5299399367049911,14,358804,0.9572663626938385
1008,2024-11-18,18:44:00,161557,182113,0.0598131928885267,-6.668052145542697e-05,20556,343670,28758.0,Alameda,17675.0,SD-5,2024-11-18 18:44:00,0 days 00:00:00,16,0.5299065964442634,15,358804,0.9578209830436673
1038,2024-11-19,18:02:00,161557,182113,0.0598131928885267,0.0,20556,343670,28542.0,San Joaquin,10867.0,SD-5,2024-11-19 18:02:00,0 days 00:00:00,17,0.5299065964442634,16,358804,0.9578209830436673
1010,2024-11-20,17:52:00,162659,184012,0.0615944223774125,0.0017812294888858,21353,346671,28542.0,Alameda,17675.0,SD-5,2024-11-20 17:52:00,0 days 00:00:00,18,0.5307972111887063,17,358804,0.9661848808820415
1040,2024-11-21,18:41:00,162659,184012,0.0615944223774125,0.0,21353,346671,9765.0,San Joaquin,9765.0,SD-5,2024-11-21 18:41:00,0 days 00:00:00,19,0.5307972111887063,18,358804,0.9661848808820415
1041,2024-11-22,20:02:00,163231,184515,0.0612055925876933,-0.0003888297897192,21284,347746,9765.0,San Joaquin,9765.0,SD-5,2024-11-22 20:02:00,0 days 00:00:00,20,0.5306027962938467,19,358804,0.9691809455858909
1013,2024-11-23,17:53:00,163231,184515,0.0612055925876933,0.0,21284,347746,9104.0,Alameda,0.0,SD-5,2024-11-23 17:53:00,0 days 00:00:00,21,0.5306027962938467,20,358804,0.9691809455858909
1014,2024-11-25,17:56:00,164373,185406,0.060132254938118,-0.0010733376495752,21033,349779,9104.0,Alameda,0.0,SD-5,2024-11-25 17:56:00,0 days 00:00:00,22,0.530066127469059,21,358804,0.9748469916723337
1015,2024-11-26,19:14:00,164373,185406,0.060132254938118,0.0,21033,349779,6248.0,Alameda,0.0,SD-5,2024-11-26 19:14:00,0 days 02:09:00,23,0.530066127469059,22,358804,0.9748469916723337
1045,2024-11-27,21:09:00,166723,187213,0.0578918222503503,-0.0022404326877677,20490,353936,6248.0,San Joaquin,6248.0,SD-5,2024-11-27 21:09:00,0 days 00:00:00,24,0.5289459111251752,23,358804,0.9864327042061961
1017,2024-11-29,18:55:00,167490,188044,0.0578116298300584,-8.019242029189827e-05,20554,355534,2311.0,Alameda,0.0,SD-5,2024-11-29 18:55:00,0 days 00:00:00,25,0.5289058149150292,24,358804,0.99088638922643
1018,2024-12-02,18:09:00,169089,189618,0.0572305530697756,-0.0005810767602828,20529,358707,0.0,Alameda,0.0,SD-5,2024-12-02 18:09:00,0 days 00:00:00,26,0.5286152765348878,25,358804,0.9997296574174201
1048,2024-12-03,23:53:00,169136,189668,0.0572234423250576,-7.110744717923889e-06,20532,358804,0.0,San Joaquin,0.0,SD-5,2024-12-03 23:53:00,0 days 00:00:00,27,0.5286117211625289,26,358804,1.0
1020,2024-12-04,20:15:00,169136,189668,0.0572234423250576,0.0,20532,358804,0.0,Alameda,0.0,SD-5,2024-12-04 20:15:00,0 days 00:00:00,28,0.5286117211625289,27,358804,1.0
1050,2024-12-05,10:16:00,169136,189668,0.0572234423250576,0.0,20532,358804,0.0,San Joaquin,0.0,SD-5,2024-12-05 10:16:00,0 days 00:00:00,29,0.5286117211625289,28,358804,1.0
